type,block_id,seed,intensity,r_mean,r_std,r_entropy,ks_gue,ks_poi,ks_margin,vote,reducer_ks,reducer_mode
zeta,zeta_42_0000,42000,raw,0.594077,0.238184,3.664798,0.046294,0.341583,0.295289,GUE,0.0,none
zeta,zeta_42_0000,42000,soft,0.586883,0.199954,3.465847,0.105339,0.391834,0.286495,GUE,0.090452,minimal
zeta,zeta_42_0000,42000,mid,0.586883,0.199954,3.465847,0.105339,0.391834,0.286495,GUE,0.090452,minimal
zeta,zeta_42_0000,42000,strong,0.589596,0.169471,3.3578,0.146859,0.428141,0.281281,GUE,0.150754,minimal
zeta,zeta_42_0001,42001,raw,0.558502,0.240264,3.718726,0.096043,0.309422,0.213379,GUE,0.0,none
zeta,zeta_42_0001,42001,soft,0.553023,0.201492,3.482014,0.154774,0.363379,0.208606,GUE,0.075377,minimal
zeta,zeta_42_0001,42001,mid,0.553023,0.201492,3.482014,0.154774,0.363379,0.208606,GUE,0.075377,minimal
zeta,zeta_42_0001,42001,strong,0.555424,0.153478,3.286531,0.225503,0.443279,0.217776,GUE,0.19598,minimal
zeta,zeta_42_0002,42002,raw,0.587113,0.237217,3.710636,0.05201,0.357977,0.305967,GUE,0.0,none
zeta,zeta_42_0002,42002,soft,0.572187,0.20126,3.473353,0.131847,0.388631,0.256784,GUE,0.095477,minimal
zeta,zeta_42_0002,42002,mid,0.572187,0.20126,3.473353,0.131847,0.388631,0.256784,GUE,0.095477,minimal
zeta,zeta_42_0002,42002,strong,0.580761,0.167542,3.365765,0.18103,0.440138,0.259108,GUE,0.180905,minimal
zeta,zeta_42_0003,42003,raw,0.607062,0.229314,3.588283,0.050188,0.37054,0.320352,GUE,0.0,none
zeta,zeta_42_0003,42003,soft,0.597229,0.192448,3.349067,0.108229,0.41451,0.306281,GUE,0.090452,minimal
zeta,zeta_42_0003,42003,mid,0.597229,0.192448,3.349067,0.108229,0.41451,0.306281,GUE,0.090452,minimal
zeta,zeta_42_0003,42003,strong,0.598893,0.15922,3.318595,0.143405,0.480402,0.336997,GUE,0.155779,minimal
zeta,zeta_42_0004,42004,raw,0.621365,0.236458,3.652673,0.097425,0.361118,0.263693,GUE,0.0,none
zeta,zeta_42_0004,42004,soft,0.60712,0.203294,3.444005,0.117525,0.40559,0.288065,GUE,0.120603,minimal
zeta,zeta_42_0004,42004,mid,0.60712,0.203294,3.444005,0.117525,0.40559,0.288065,GUE,0.120603,minimal
zeta,zeta_42_0004,42004,strong,0.617147,0.174864,3.369319,0.125063,0.445415,0.320352,GUE,0.180905,minimal
zeta,zeta_42_0005,42005,raw,0.585599,0.249595,3.694986,0.084736,0.320729,0.235992,GUE,0.0,none
zeta,zeta_42_0005,42005,soft,0.571169,0.217678,3.446979,0.097487,0.340829,0.243342,GUE,0.095477,minimal
zeta,zeta_42_0005,42005,mid,0.571169,0.217678,3.446979,0.097487,0.340829,0.243342,GUE,0.095477,minimal
zeta,zeta_42_0005,42005,strong,0.577028,0.175094,3.380428,0.126822,0.421043,0.294221,GUE,0.150754,minimal
zeta,zeta_42_0006,42006,raw,0.586425,0.234963,3.679687,0.065389,0.340829,0.27544,GUE,0.0,none
zeta,zeta_42_0006,42006,soft,0.574705,0.194806,3.493415,0.113065,0.393844,0.280779,GUE,0.105528,minimal
zeta,zeta_42_0006,42006,mid,0.574705,0.194806,3.493415,0.113065,0.393844,0.280779,GUE,0.105528,minimal
zeta,zeta_42_0006,42006,strong,0.582764,0.159961,3.305001,0.166206,0.466332,0.300126,GUE,0.165829,minimal
zeta,zeta_42_0007,42007,raw,0.612946,0.211918,3.577846,0.080779,0.419724,0.338945,GUE,0.0,none
zeta,zeta_42_0007,42007,soft,0.60141,0.172371,3.298608,0.15358,0.46093,0.307349,GUE,0.105528,minimal
zeta,zeta_42_0007,42007,mid,0.60141,0.172371,3.298608,0.15358,0.46093,0.307349,GUE,0.105528,minimal
zeta,zeta_42_0007,42007,strong,0.606798,0.140263,3.195601,0.17902,0.517148,0.338128,GUE,0.160804,minimal
zeta,zeta_42_0008,42008,raw,0.584635,0.233906,3.658029,0.056784,0.36049,0.303706,GUE,0.0,none
zeta,zeta_42_0008,42008,soft,0.574087,0.203038,3.433057,0.124435,0.38995,0.265515,GUE,0.075377,minimal
zeta,zeta_42_0008,42008,mid,0.574087,0.203038,3.433057,0.124435,0.38995,0.265515,GUE,0.075377,minimal
zeta,zeta_42_0008,42008,strong,0.578869,0.170948,3.372646,0.155276,0.443656,0.288379,GUE,0.135678,minimal
zeta,zeta_42_0009,42009,raw,0.562907,0.22807,3.658326,0.096231,0.336118,0.239887,GUE,0.0,none
zeta,zeta_42_0009,42009,soft,0.541449,0.17629,3.403715,0.182601,0.385364,0.202764,GUE,0.120603,minimal
zeta,zeta_42_0009,42009,mid,0.541449,0.17629,3.403715,0.182601,0.385364,0.202764,GUE,0.120603,minimal
zeta,zeta_42_0009,42009,strong,0.549394,0.150985,3.205009,0.246043,0.427952,0.18191,GUE,0.18593,minimal
zeta,zeta_42_0010,42010,raw,0.588437,0.218679,3.593583,0.059925,0.372111,0.312186,GUE,0.0,none
zeta,zeta_42_0010,42010,soft,0.574647,0.17966,3.36931,0.141897,0.415578,0.273681,GUE,0.105528,minimal
zeta,zeta_42_0010,42010,mid,0.574647,0.17966,3.36931,0.141897,0.415578,0.273681,GUE,0.105528,minimal
zeta,zeta_42_0010,42010,strong,0.577373,0.150135,3.250636,0.194284,0.469221,0.274937,GUE,0.160804,minimal
zeta,zeta_42_0011,42011,raw,0.602847,0.23889,3.672249,0.066583,0.343405,0.276822,GUE,0.0,none
zeta,zeta_42_0011,42011,soft,0.594425,0.209106,3.498991,0.093153,0.387877,0.294724,GUE,0.085427,minimal
zeta,zeta_42_0011,42011,mid,0.594425,0.209106,3.498991,0.093153,0.387877,0.294724,GUE,0.085427,minimal
zeta,zeta_42_0011,42011,strong,0.599566,0.170519,3.361599,0.123116,0.463065,0.33995,GUE,0.175879,minimal
zeta,zeta_42_0012,42012,raw,0.575546,0.230759,3.656895,0.070854,0.351256,0.280402,GUE,0.0,none
zeta,zeta_42_0012,42012,soft,0.553527,0.184622,3.435816,0.161307,0.40157,0.240264,GUE,0.130653,minimal
zeta,zeta_42_0012,42012,mid,0.553527,0.184622,3.435816,0.161307,0.40157,0.240264,GUE,0.130653,minimal
zeta,zeta_42_0012,42012,strong,0.562465,0.138586,3.209322,0.208291,0.471671,0.263379,GUE,0.170854,minimal
zeta,zeta_42_0013,42013,raw,0.617375,0.235697,3.644247,0.06005,0.388254,0.328204,GUE,0.0,none
zeta,zeta_42_0013,42013,soft,0.608681,0.210737,3.513835,0.077136,0.405151,0.328015,GUE,0.075377,minimal
zeta,zeta_42_0013,42013,mid,0.608681,0.210737,3.513835,0.077136,0.405151,0.328015,GUE,0.075377,minimal
zeta,zeta_42_0013,42013,strong,0.615171,0.182624,3.450293,0.111621,0.438442,0.326822,GUE,0.130653,minimal
zeta,zeta_42_0014,42014,raw,0.621244,0.222402,3.659615,0.085427,0.392399,0.306972,GUE,0.0,none
zeta,zeta_42_0014,42014,soft,0.614258,0.191517,3.496243,0.128266,0.426005,0.297739,GUE,0.095477,minimal
zeta,zeta_42_0014,42014,mid,0.614258,0.191517,3.496243,0.128266,0.426005,0.297739,GUE,0.095477,minimal
zeta,zeta_42_0014,42014,strong,0.619305,0.159636,3.355082,0.152198,0.477827,0.325628,GUE,0.125628,minimal
zeta,zeta_42_0015,42015,raw,0.653512,0.205266,3.528559,0.121796,0.444786,0.32299,GUE,0.0,none
zeta,zeta_42_0015,42015,soft,0.645666,0.16844,3.288223,0.172048,0.495352,0.323304,GUE,0.110553,minimal
zeta,zeta_42_0015,42015,mid,0.645666,0.16844,3.288223,0.172048,0.495352,0.323304,GUE,0.110553,minimal
zeta,zeta_42_0015,42015,strong,0.647701,0.139899,3.200012,0.22657,0.55157,0.325,GUE,0.175879,minimal
zeta,zeta_42_0016,42016,raw,0.603858,0.23577,3.635775,0.050377,0.383606,0.333229,GUE,0.0,none
zeta,zeta_42_0016,42016,soft,0.59495,0.200055,3.44384,0.115452,0.433229,0.317776,GUE,0.100503,minimal
zeta,zeta_42_0016,42016,mid,0.59495,0.200055,3.44384,0.115452,0.433229,0.317776,GUE,0.100503,minimal
zeta,zeta_42_0016,42016,strong,0.598168,0.166455,3.34752,0.161181,0.442211,0.28103,GUE,0.160804,minimal
zeta,zeta_42_0017,42017,raw,0.622537,0.216314,3.594077,0.071608,0.414573,0.342965,GUE,0.0,none
zeta,zeta_42_0017,42017,soft,0.621787,0.177066,3.323444,0.126884,0.469849,0.342965,GUE,0.100503,minimal
zeta,zeta_42_0017,42017,mid,0.621787,0.177066,3.323444,0.126884,0.469849,0.342965,GUE,0.100503,minimal
zeta,zeta_42_0017,42017,strong,0.621971,0.145397,3.24941,0.173869,0.496043,0.322173,GUE,0.190955,minimal
zeta,zeta_42_0018,42018,raw,0.59876,0.238068,3.615576,0.036746,0.350251,0.313505,GUE,0.0,none
zeta,zeta_42_0018,42018,soft,0.582301,0.201699,3.438915,0.098053,0.391018,0.292965,GUE,0.110553,minimal
zeta,zeta_42_0018,42018,mid,0.582301,0.201699,3.438915,0.098053,0.391018,0.292965,GUE,0.110553,minimal
zeta,zeta_42_0018,42018,strong,0.593101,0.160381,3.333023,0.165201,0.455339,0.290138,GUE,0.175879,minimal
zeta,zeta_42_0019,42019,raw,0.61011,0.236428,3.647682,0.051445,0.366269,0.314824,GUE,0.0,none
zeta,zeta_42_0019,42019,soft,0.599976,0.202423,3.490836,0.069849,0.406595,0.336746,GUE,0.095477,minimal
zeta,zeta_42_0019,42019,mid,0.599976,0.202423,3.490836,0.069849,0.406595,0.336746,GUE,0.095477,minimal
zeta,zeta_42_0019,42019,strong,0.604649,0.168498,3.371382,0.140075,0.452889,0.312814,GUE,0.18593,minimal
zeta,zeta_42_0020,42020,raw,0.582585,0.239341,3.675885,0.058982,0.325628,0.266646,GUE,0.0,none
zeta,zeta_42_0020,42020,soft,0.562017,0.201275,3.499123,0.142462,0.353769,0.211307,GUE,0.115578,minimal
zeta,zeta_42_0020,42020,mid,0.562017,0.201275,3.499123,0.142462,0.353769,0.211307,GUE,0.115578,minimal
zeta,zeta_42_0020,42020,strong,0.570206,0.162939,3.264654,0.199246,0.428706,0.22946,GUE,0.175879,minimal
zeta,zeta_42_0021,42021,raw,0.607797,0.227115,3.630917,0.042839,0.387437,0.344598,GUE,0.0,none
zeta,zeta_42_0021,42021,soft,0.59925,0.189066,3.458684,0.087626,0.429837,0.342211,GUE,0.105528,minimal
zeta,zeta_42_0021,42021,mid,0.59925,0.189066,3.458684,0.087626,0.429837,0.342211,GUE,0.105528,minimal
zeta,zeta_42_0021,42021,strong,0.600801,0.159489,3.333335,0.129962,0.472048,0.342085,GUE,0.145729,minimal
zeta,zeta_42_0022,42022,raw,0.619956,0.227847,3.614322,0.070289,0.38304,0.312751,GUE,0.0,none
zeta,zeta_42_0022,42022,soft,0.606515,0.188014,3.384513,0.111244,0.434548,0.323304,GUE,0.125628,minimal
zeta,zeta_42_0022,42022,mid,0.606515,0.188014,3.384513,0.111244,0.434548,0.323304,GUE,0.125628,minimal
zeta,zeta_42_0022,42022,strong,0.611545,0.155338,3.275584,0.177387,0.48392,0.306533,GUE,0.18593,minimal
zeta,zeta_42_0023,42023,raw,0.602209,0.219044,3.614411,0.04397,0.374686,0.330716,GUE,0.0,none
zeta,zeta_42_0023,42023,soft,0.596076,0.177153,3.343154,0.115264,0.431595,0.316332,GUE,0.095477,minimal
zeta,zeta_42_0023,42023,mid,0.596076,0.177153,3.343154,0.115264,0.431595,0.316332,GUE,0.095477,minimal
zeta,zeta_42_0023,42023,strong,0.599119,0.146755,3.274316,0.158543,0.478329,0.319786,GUE,0.145729,minimal
zeta,zeta_42_0024,42024,raw,0.597685,0.240372,3.668335,0.067714,0.355339,0.287626,GUE,0.0,none
zeta,zeta_42_0024,42024,soft,0.587323,0.206805,3.497979,0.093216,0.397613,0.304397,GUE,0.085427,minimal
zeta,zeta_42_0024,42024,mid,0.587323,0.206805,3.497979,0.093216,0.397613,0.304397,GUE,0.085427,minimal
zeta,zeta_42_0024,42024,strong,0.58931,0.171718,3.397602,0.136495,0.455088,0.318593,GUE,0.165829,minimal
zeta,zeta_42_0025,42025,raw,0.604161,0.22935,3.608754,0.050628,0.378957,0.328329,GUE,0.0,none
zeta,zeta_42_0025,42025,soft,0.600116,0.198228,3.392644,0.117085,0.421294,0.304209,GUE,0.095477,minimal
zeta,zeta_42_0025,42025,mid,0.600116,0.198228,3.392644,0.117085,0.421294,0.304209,GUE,0.095477,minimal
zeta,zeta_42_0025,42025,strong,0.604422,0.16565,3.330337,0.172299,0.445101,0.272802,GUE,0.170854,minimal
zeta,zeta_42_0026,42026,raw,0.594494,0.233593,3.669099,0.04799,0.35804,0.31005,GUE,0.0,none
zeta,zeta_42_0026,42026,soft,0.58237,0.19131,3.444112,0.109108,0.401131,0.292023,GUE,0.105528,minimal
zeta,zeta_42_0026,42026,mid,0.58237,0.19131,3.444112,0.109108,0.401131,0.292023,GUE,0.105528,minimal
zeta,zeta_42_0026,42026,strong,0.587268,0.152862,3.316017,0.181784,0.459234,0.27745,GUE,0.175879,minimal
zeta,zeta_42_0027,42027,raw,0.609199,0.216899,3.583389,0.064196,0.403769,0.339573,GUE,0.0,none
zeta,zeta_42_0027,42027,soft,0.597223,0.17874,3.319241,0.157915,0.44397,0.286055,GUE,0.110553,minimal
zeta,zeta_42_0027,42027,mid,0.597223,0.17874,3.319241,0.157915,0.44397,0.286055,GUE,0.110553,minimal
zeta,zeta_42_0027,42027,strong,0.600758,0.151004,3.25045,0.19554,0.488882,0.293342,GUE,0.160804,minimal
zeta,zeta_42_0028,42028,raw,0.571127,0.24574,3.687269,0.080402,0.293467,0.213065,GUE,0.0,none
zeta,zeta_42_0028,42028,soft,0.551454,0.200843,3.465203,0.181972,0.345101,0.163128,GUE,0.135678,minimal
zeta,zeta_42_0028,42028,mid,0.551454,0.200843,3.465203,0.181972,0.345101,0.163128,GUE,0.135678,minimal
zeta,zeta_42_0028,42028,strong,0.562829,0.155678,3.16775,0.223932,0.426508,0.202575,GUE,0.19598,minimal
zeta,zeta_42_0029,42029,raw,0.590186,0.220255,3.621085,0.068467,0.362374,0.293907,GUE,0.0,none
zeta,zeta_42_0029,42029,soft,0.576532,0.176098,3.358229,0.148304,0.422111,0.273807,GUE,0.110553,minimal
zeta,zeta_42_0029,42029,mid,0.576532,0.176098,3.358229,0.148304,0.422111,0.273807,GUE,0.110553,minimal
zeta,zeta_42_0029,42029,strong,0.582297,0.143676,3.273872,0.17098,0.484485,0.313505,GUE,0.165829,minimal
zeta,zeta_42_0030,42030,raw,0.62198,0.216547,3.571439,0.065892,0.399309,0.333417,GUE,0.0,none
zeta,zeta_42_0030,42030,soft,0.617143,0.17956,3.384302,0.114322,0.454585,0.340264,GUE,0.110553,minimal
zeta,zeta_42_0030,42030,mid,0.617143,0.17956,3.384302,0.114322,0.454585,0.340264,GUE,0.110553,minimal
zeta,zeta_42_0030,42030,strong,0.619791,0.149038,3.226535,0.179899,0.486369,0.30647,GUE,0.211055,minimal
zeta,zeta_42_0031,42031,raw,0.580747,0.23052,3.617299,0.074812,0.354648,0.279837,GUE,0.0,none
zeta,zeta_42_0031,42031,soft,0.558078,0.1803,3.415276,0.184045,0.415389,0.231344,GUE,0.120603,minimal
zeta,zeta_42_0031,42031,mid,0.558078,0.1803,3.415276,0.184045,0.415389,0.231344,GUE,0.120603,minimal
zeta,zeta_42_0031,42031,strong,0.56467,0.147986,3.303256,0.188756,0.467839,0.279083,GUE,0.18593,minimal
zeta,zeta_42_0032,42032,raw,0.622144,0.22925,3.656652,0.07098,0.401696,0.330716,GUE,0.0,none
zeta,zeta_42_0032,42032,soft,0.624031,0.1953,3.446404,0.139761,0.459548,0.319786,GUE,0.075377,minimal
zeta,zeta_42_0032,42032,mid,0.624031,0.1953,3.446404,0.139761,0.459548,0.319786,GUE,0.075377,minimal
zeta,zeta_42_0032,42032,strong,0.622903,0.161825,3.341203,0.187123,0.489384,0.302261,GUE,0.150754,minimal
zeta,zeta_42_0033,42033,raw,0.585159,0.233712,3.677965,0.048681,0.340641,0.29196,GUE,0.0,none
zeta,zeta_42_0033,42033,soft,0.570388,0.189902,3.39,0.145729,0.390892,0.245163,GUE,0.105528,minimal
zeta,zeta_42_0033,42033,mid,0.570388,0.189902,3.39,0.145729,0.390892,0.245163,GUE,0.105528,minimal
zeta,zeta_42_0033,42033,strong,0.578459,0.156191,3.293893,0.195791,0.459925,0.264133,GUE,0.165829,minimal
zeta,zeta_42_0034,42034,raw,0.598337,0.221217,3.651919,0.049874,0.389761,0.339887,GUE,0.0,none
zeta,zeta_42_0034,42034,soft,0.588349,0.191987,3.427757,0.12054,0.434234,0.313693,GUE,0.080402,minimal
zeta,zeta_42_0034,42034,mid,0.588349,0.191987,3.427757,0.12054,0.434234,0.313693,GUE,0.080402,minimal
zeta,zeta_42_0034,42034,strong,0.594758,0.150617,3.275436,0.155779,0.477073,0.321294,GUE,0.160804,minimal
zeta,zeta_42_0035,42035,raw,0.600296,0.214906,3.639675,0.055842,0.399623,0.343781,GUE,0.0,none
zeta,zeta_42_0035,42035,soft,0.582294,0.168743,3.409765,0.151068,0.445101,0.294033,GUE,0.115578,minimal
zeta,zeta_42_0035,42035,mid,0.582294,0.168743,3.409765,0.151068,0.445101,0.294033,GUE,0.115578,minimal
zeta,zeta_42_0035,42035,strong,0.58999,0.133357,3.174736,0.195917,0.512374,0.316457,GUE,0.175879,minimal
zeta,zeta_42_0036,42036,raw,0.611284,0.239369,3.658885,0.055339,0.378957,0.323618,GUE,0.0,none
zeta,zeta_42_0036,42036,soft,0.596125,0.205417,3.483684,0.081219,0.41897,0.337751,GUE,0.095477,minimal
zeta,zeta_42_0036,42036,mid,0.596125,0.205417,3.483684,0.081219,0.41897,0.337751,GUE,0.095477,minimal
zeta,zeta_42_0036,42036,strong,0.603172,0.168488,3.365598,0.140766,0.459045,0.318279,GUE,0.18593,minimal
zeta,zeta_42_0037,42037,raw,0.61218,0.235961,3.670334,0.066834,0.353706,0.286872,GUE,0.0,none
zeta,zeta_42_0037,42037,soft,0.606727,0.205877,3.464824,0.091332,0.397299,0.305967,GUE,0.080402,minimal
zeta,zeta_42_0037,42037,mid,0.606727,0.205877,3.464824,0.091332,0.397299,0.305967,GUE,0.080402,minimal
zeta,zeta_42_0037,42037,strong,0.610898,0.175107,3.3461,0.132035,0.442023,0.309987,GUE,0.155779,minimal
zeta,zeta_42_0038,42038,raw,0.576939,0.218024,3.590949,0.090389,0.367085,0.276696,GUE,0.0,none
zeta,zeta_42_0038,42038,soft,0.562798,0.163159,3.275676,0.193279,0.426068,0.232789,GUE,0.135678,minimal
zeta,zeta_42_0038,42038,mid,0.562798,0.163159,3.275676,0.193279,0.426068,0.232789,GUE,0.135678,minimal
zeta,zeta_42_0038,42038,strong,0.565939,0.134709,3.217106,0.234485,0.462877,0.228392,GUE,0.180905,minimal
zeta,zeta_42_0039,42039,raw,0.608895,0.224852,3.626143,0.051382,0.381093,0.329711,GUE,0.0,none
zeta,zeta_42_0039,42039,soft,0.599371,0.196559,3.441139,0.086997,0.415452,0.328455,GUE,0.090452,minimal
zeta,zeta_42_0039,42039,mid,0.599371,0.196559,3.441139,0.086997,0.415452,0.328455,GUE,0.090452,minimal
zeta,zeta_42_0039,42039,strong,0.606022,0.159971,3.366336,0.14956,0.473304,0.323744,GUE,0.155779,minimal
zeta,zeta_42_0040,42040,raw,0.60299,0.238224,3.657073,0.059234,0.351947,0.292714,GUE,0.0,none
zeta,zeta_42_0040,42040,soft,0.604604,0.209185,3.451897,0.076822,0.415264,0.338442,GUE,0.070352,minimal
zeta,zeta_42_0040,42040,mid,0.604604,0.209185,3.451897,0.076822,0.415264,0.338442,GUE,0.070352,minimal
zeta,zeta_42_0040,42040,strong,0.603271,0.17952,3.406712,0.102827,0.433354,0.330528,GUE,0.140704,minimal
zeta,zeta_42_0041,42041,raw,0.614741,0.205952,3.576099,0.077261,0.404962,0.327701,GUE,0.0,none
zeta,zeta_42_0041,42041,soft,0.614039,0.170188,3.303169,0.128329,0.470289,0.34196,GUE,0.080402,minimal
zeta,zeta_42_0041,42041,mid,0.614039,0.170188,3.303169,0.128329,0.470289,0.34196,GUE,0.080402,minimal
zeta,zeta_42_0041,42041,strong,0.618041,0.132829,3.204679,0.180465,0.510239,0.329774,GUE,0.170854,minimal
zeta,zeta_42_0042,42042,raw,0.612996,0.231211,3.603894,0.065892,0.382224,0.316332,GUE,0.0,none
zeta,zeta_42_0042,42042,soft,0.608709,0.197358,3.351194,0.107538,0.42745,0.319912,GUE,0.075377,minimal
zeta,zeta_42_0042,42042,mid,0.608709,0.197358,3.351194,0.107538,0.42745,0.319912,GUE,0.075377,minimal
zeta,zeta_42_0042,42042,strong,0.611488,0.163408,3.279912,0.152827,0.478329,0.325503,GUE,0.150754,minimal
zeta,zeta_42_0043,42043,raw,0.624755,0.222199,3.601515,0.109673,0.419849,0.310176,GUE,0.0,none
zeta,zeta_42_0043,42043,soft,0.616842,0.181022,3.300482,0.195101,0.497111,0.30201,GUE,0.095477,minimal
zeta,zeta_42_0043,42043,mid,0.616842,0.181022,3.300482,0.195101,0.497111,0.30201,GUE,0.095477,minimal
zeta,zeta_42_0043,42043,strong,0.624008,0.146002,3.206676,0.211244,0.518405,0.307161,GUE,0.155779,minimal
zeta,zeta_42_0044,42044,raw,0.581972,0.233979,3.606983,0.060678,0.322299,0.261621,GUE,0.0,none
zeta,zeta_42_0044,42044,soft,0.569551,0.192485,3.431894,0.14108,0.388568,0.247487,GUE,0.095477,minimal
zeta,zeta_42_0044,42044,mid,0.569551,0.192485,3.431894,0.14108,0.388568,0.247487,GUE,0.095477,minimal
zeta,zeta_42_0044,42044,strong,0.573491,0.170037,3.409975,0.151445,0.420415,0.26897,GUE,0.155779,minimal
zeta,zeta_42_0045,42045,raw,0.641816,0.222541,3.61938,0.115075,0.413819,0.298744,GUE,0.0,none
zeta,zeta_42_0045,42045,soft,0.643265,0.183394,3.374978,0.181219,0.479146,0.297927,GUE,0.100503,minimal
zeta,zeta_42_0045,42045,mid,0.643265,0.183394,3.374978,0.181219,0.479146,0.297927,GUE,0.100503,minimal
zeta,zeta_42_0045,42045,strong,0.645487,0.153268,3.219154,0.215138,0.520791,0.305653,GUE,0.170854,minimal
zeta,zeta_42_0046,42046,raw,0.611835,0.2186,3.605893,0.045603,0.376696,0.331093,GUE,0.0,none
zeta,zeta_42_0046,42046,soft,0.601235,0.176984,3.343169,0.114447,0.431972,0.317525,GUE,0.105528,minimal
zeta,zeta_42_0046,42046,mid,0.601235,0.176984,3.343169,0.114447,0.431972,0.317525,GUE,0.105528,minimal
zeta,zeta_42_0046,42046,strong,0.606372,0.14196,3.267576,0.170791,0.49755,0.326759,GUE,0.190955,minimal
zeta,zeta_42_0047,42047,raw,0.599096,0.22578,3.653595,0.056156,0.372487,0.316332,GUE,0.0,none
zeta,zeta_42_0047,42047,soft,0.582655,0.190672,3.417738,0.160741,0.415138,0.254397,GUE,0.110553,minimal
zeta,zeta_42_0047,42047,mid,0.582655,0.190672,3.417738,0.160741,0.415138,0.254397,GUE,0.110553,minimal
zeta,zeta_42_0047,42047,strong,0.588036,0.160741,3.328036,0.186432,0.450942,0.26451,GUE,0.145729,minimal
zeta,zeta_42_0048,42048,raw,0.604443,0.22161,3.639314,0.073555,0.412249,0.338693,GUE,0.0,none
zeta,zeta_42_0048,42048,soft,0.591927,0.174078,3.388971,0.128832,0.467525,0.338693,GUE,0.115578,minimal
zeta,zeta_42_0048,42048,mid,0.591927,0.174078,3.388971,0.128832,0.467525,0.338693,GUE,0.115578,minimal
zeta,zeta_42_0048,42048,strong,0.597692,0.133986,3.135426,0.199623,0.512751,0.313128,GUE,0.19598,minimal
gue,gue_80000_0000,80000000,raw,0.58148,0.240675,3.739221,0.045289,0.336495,0.291206,GUE,0.0,none
gue,gue_80000_0000,80000000,soft,0.565463,0.202556,3.480465,0.153706,0.396545,0.242839,GUE,0.115578,minimal
gue,gue_80000_0000,80000000,mid,0.565463,0.202556,3.480465,0.153706,0.396545,0.242839,GUE,0.115578,minimal
gue,gue_80000_0000,80000000,strong,0.574306,0.168839,3.38184,0.194221,0.422236,0.228015,GUE,0.170854,minimal
gue,gue_80000_0001,80000001,raw,0.579378,0.250183,3.662245,0.067839,0.31608,0.248241,GUE,0.0,none
gue,gue_80000_0001,80000001,soft,0.562019,0.207117,3.445876,0.161495,0.376382,0.214887,GUE,0.105528,minimal
gue,gue_80000_0001,80000001,mid,0.562019,0.207117,3.445876,0.161495,0.376382,0.214887,GUE,0.105528,minimal
gue,gue_80000_0001,80000001,strong,0.567079,0.168354,3.408711,0.178141,0.427136,0.248995,GUE,0.180905,minimal
gue,gue_80000_0002,80000002,raw,0.624738,0.221606,3.641749,0.081407,0.405276,0.323869,GUE,0.0,none
gue,gue_80000_0002,80000002,soft,0.617541,0.179957,3.432818,0.120038,0.455025,0.334987,GUE,0.090452,minimal
gue,gue_80000_0002,80000002,mid,0.617541,0.179957,3.432818,0.120038,0.455025,0.334987,GUE,0.090452,minimal
gue,gue_80000_0002,80000002,strong,0.626056,0.148569,3.27273,0.195226,0.526822,0.331595,GUE,0.160804,minimal
gue,gue_80000_0003,80000003,raw,0.591812,0.223134,3.656506,0.048932,0.371482,0.32255,GUE,0.0,none
gue,gue_80000_0003,80000003,soft,0.576358,0.18527,3.443781,0.117588,0.411181,0.293593,GUE,0.085427,minimal
gue,gue_80000_0003,80000003,mid,0.576358,0.18527,3.443781,0.117588,0.411181,0.293593,GUE,0.085427,minimal
gue,gue_80000_0003,80000003,strong,0.582832,0.150692,3.305012,0.163756,0.454146,0.290389,GUE,0.165829,minimal
gue,gue_80000_0004,80000004,raw,0.597942,0.228333,3.655818,0.035364,0.374749,0.339384,GUE,0.0,none
gue,gue_80000_0004,80000004,soft,0.585975,0.193127,3.403793,0.109862,0.425,0.315138,GUE,0.100503,minimal
gue,gue_80000_0004,80000004,mid,0.585975,0.193127,3.403793,0.109862,0.425,0.315138,GUE,0.100503,minimal
gue,gue_80000_0004,80000004,strong,0.588938,0.157086,3.311796,0.192274,0.447613,0.255339,GUE,0.19598,minimal
gue,gue_80000_0005,80000005,raw,0.612765,0.238625,3.629069,0.11005,0.372425,0.262374,GUE,0.0,none
gue,gue_80000_0005,80000005,soft,0.598986,0.203236,3.462231,0.108291,0.370477,0.262186,GUE,0.110553,minimal
gue,gue_80000_0005,80000005,mid,0.598986,0.203236,3.462231,0.108291,0.370477,0.262186,GUE,0.110553,minimal
gue,gue_80000_0005,80000005,strong,0.607037,0.167785,3.326381,0.156784,0.454083,0.297299,GUE,0.165829,minimal
gue,gue_80000_0006,80000006,raw,0.625327,0.245541,3.679022,0.096231,0.3625,0.266269,GUE,0.0,none
gue,gue_80000_0006,80000006,soft,0.620573,0.214187,3.440618,0.074623,0.402701,0.328078,GUE,0.105528,minimal
gue,gue_80000_0006,80000006,mid,0.620573,0.214187,3.440618,0.074623,0.402701,0.328078,GUE,0.105528,minimal
gue,gue_80000_0006,80000006,strong,0.627794,0.176779,3.374223,0.122048,0.460427,0.338379,GUE,0.165829,minimal
gue,gue_80000_0007,80000007,raw,0.602719,0.234027,3.676177,0.042839,0.369724,0.326884,GUE,0.0,none
gue,gue_80000_0007,80000007,soft,0.5909,0.200851,3.490693,0.07902,0.41495,0.33593,GUE,0.075377,minimal
gue,gue_80000_0007,80000007,mid,0.5909,0.200851,3.490693,0.07902,0.41495,0.33593,GUE,0.075377,minimal
gue,gue_80000_0007,80000007,strong,0.597386,0.170078,3.343752,0.125188,0.463065,0.337877,GUE,0.130653,minimal
gue,gue_80000_0008,80000008,raw,0.594163,0.236466,3.642097,0.062186,0.332538,0.270352,GUE,0.0,none
gue,gue_80000_0008,80000008,soft,0.584389,0.203897,3.451758,0.094849,0.37054,0.275691,GUE,0.080402,minimal
gue,gue_80000_0008,80000008,mid,0.584389,0.203897,3.451758,0.094849,0.37054,0.275691,GUE,0.080402,minimal
gue,gue_80000_0008,80000008,strong,0.589027,0.173249,3.394663,0.14554,0.42098,0.27544,GUE,0.155779,minimal
gue,gue_80000_0009,80000009,raw,0.609986,0.230969,3.659782,0.04799,0.375817,0.327827,GUE,0.0,none
gue,gue_80000_0009,80000009,soft,0.598726,0.197049,3.508492,0.08593,0.415327,0.329397,GUE,0.085427,minimal
gue,gue_80000_0009,80000009,mid,0.598726,0.197049,3.508492,0.08593,0.415327,0.329397,GUE,0.085427,minimal
gue,gue_80000_0009,80000009,strong,0.604023,0.171241,3.418307,0.130905,0.452575,0.321671,GUE,0.150754,minimal
gue,gue_80000_0010,80000010,raw,0.586519,0.243245,3.687234,0.06206,0.338254,0.276193,GUE,0.0,none
gue,gue_80000_0010,80000010,soft,0.57405,0.197262,3.441674,0.148116,0.38348,0.235364,GUE,0.130653,minimal
gue,gue_80000_0010,80000010,mid,0.57405,0.197262,3.441674,0.148116,0.38348,0.235364,GUE,0.130653,minimal
gue,gue_80000_0010,80000010,strong,0.579711,0.163943,3.324643,0.162437,0.413128,0.250691,GUE,0.180905,minimal
gue,gue_80000_0011,80000011,raw,0.614076,0.239107,3.645867,0.065138,0.365075,0.299937,GUE,0.0,none
gue,gue_80000_0011,80000011,soft,0.592387,0.197483,3.38207,0.138568,0.402952,0.264384,GUE,0.145729,minimal
gue,gue_80000_0011,80000011,mid,0.592387,0.197483,3.38207,0.138568,0.402952,0.264384,GUE,0.145729,minimal
gue,gue_80000_0011,80000011,strong,0.604404,0.162699,3.346157,0.148807,0.473367,0.32456,GUE,0.160804,minimal
gue,gue_80000_0012,80000012,raw,0.623561,0.23368,3.66375,0.076256,0.376884,0.300628,GUE,0.0,none
gue,gue_80000_0012,80000012,soft,0.614869,0.203633,3.479444,0.083982,0.417085,0.333103,GUE,0.095477,minimal
gue,gue_80000_0012,80000012,mid,0.614869,0.203633,3.479444,0.083982,0.417085,0.333103,GUE,0.095477,minimal
gue,gue_80000_0012,80000012,strong,0.617119,0.168689,3.378528,0.117651,0.452889,0.335239,GUE,0.150754,minimal
gue,gue_80000_0013,80000013,raw,0.57689,0.233731,3.686201,0.055716,0.34108,0.285364,GUE,0.0,none
gue,gue_80000_0013,80000013,soft,0.559302,0.197799,3.512177,0.131156,0.370101,0.238945,GUE,0.100503,minimal
gue,gue_80000_0013,80000013,mid,0.559302,0.197799,3.512177,0.131156,0.370101,0.238945,GUE,0.100503,minimal
gue,gue_80000_0013,80000013,strong,0.564413,0.159231,3.323075,0.182475,0.419095,0.236621,GUE,0.175879,minimal
gue,gue_80000_0014,80000014,raw,0.592752,0.223164,3.658411,0.045854,0.369535,0.323681,GUE,0.0,none
gue,gue_80000_0014,80000014,soft,0.575425,0.190893,3.502487,0.120791,0.392651,0.271859,GUE,0.105528,minimal
gue,gue_80000_0014,80000014,mid,0.575425,0.190893,3.502487,0.120791,0.392651,0.271859,GUE,0.105528,minimal
gue,gue_80000_0014,80000014,strong,0.580764,0.160823,3.301785,0.169472,0.456658,0.287186,GUE,0.165829,minimal
gue,gue_80000_0015,80000015,raw,0.587215,0.254317,3.714212,0.078894,0.308543,0.229648,GUE,0.0,none
gue,gue_80000_0015,80000015,soft,0.575086,0.213703,3.546022,0.09755,0.354837,0.257286,GUE,0.095477,minimal
gue,gue_80000_0015,80000015,mid,0.575086,0.213703,3.546022,0.09755,0.354837,0.257286,GUE,0.095477,minimal
gue,gue_80000_0015,80000015,strong,0.582979,0.16637,3.366672,0.151633,0.450503,0.298869,GUE,0.165829,minimal
gue,gue_80000_0016,80000016,raw,0.602511,0.218614,3.608391,0.072927,0.400126,0.327198,GUE,0.0,none
gue,gue_80000_0016,80000016,soft,0.598031,0.181268,3.359005,0.147802,0.460427,0.312626,GUE,0.080402,minimal
gue,gue_80000_0016,80000016,mid,0.598031,0.181268,3.359005,0.147802,0.460427,0.312626,GUE,0.080402,minimal
gue,gue_80000_0016,80000016,strong,0.603285,0.144947,3.255073,0.181595,0.500126,0.31853,GUE,0.135678,minimal
gue,gue_80000_0017,80000017,raw,0.617048,0.216334,3.612831,0.076319,0.396231,0.319912,GUE,0.0,none
gue,gue_80000_0017,80000017,soft,0.609305,0.179624,3.400133,0.12657,0.451193,0.324623,GUE,0.125628,minimal
gue,gue_80000_0017,80000017,mid,0.609305,0.179624,3.400133,0.12657,0.451193,0.324623,GUE,0.125628,minimal
gue,gue_80000_0017,80000017,strong,0.614633,0.147727,3.288572,0.167776,0.489259,0.321482,GUE,0.19598,minimal
gue,gue_80000_0018,80000018,raw,0.568768,0.234113,3.621913,0.107726,0.335741,0.228015,GUE,0.0,none
gue,gue_80000_0018,80000018,soft,0.562335,0.197024,3.357198,0.145289,0.383668,0.238379,GUE,0.090452,minimal
gue,gue_80000_0018,80000018,mid,0.562335,0.197024,3.357198,0.145289,0.383668,0.238379,GUE,0.090452,minimal
gue,gue_80000_0018,80000018,strong,0.562516,0.167545,3.346194,0.172425,0.417714,0.245289,GUE,0.135678,minimal
gue,gue_80000_0019,80000019,raw,0.603527,0.230654,3.681407,0.067337,0.382098,0.314761,GUE,0.0,none
gue,gue_80000_0019,80000019,soft,0.596837,0.196427,3.459748,0.107538,0.417399,0.309862,GUE,0.090452,minimal
gue,gue_80000_0019,80000019,mid,0.596837,0.196427,3.459748,0.107538,0.417399,0.309862,GUE,0.090452,minimal
gue,gue_80000_0019,80000019,strong,0.601537,0.169645,3.310971,0.151005,0.465327,0.314322,GUE,0.145729,minimal
gue,gue_80000_0020,80000020,raw,0.594437,0.243893,3.665392,0.048869,0.33995,0.29108,GUE,0.0,none
gue,gue_80000_0020,80000020,soft,0.582138,0.210334,3.548619,0.088128,0.380151,0.292023,GUE,0.100503,minimal
gue,gue_80000_0020,80000020,mid,0.582138,0.210334,3.548619,0.088128,0.380151,0.292023,GUE,0.100503,minimal
gue,gue_80000_0020,80000020,strong,0.588524,0.167923,3.371153,0.14152,0.442839,0.301319,GUE,0.165829,minimal
gue,gue_80000_0021,80000021,raw,0.60579,0.221844,3.606268,0.046294,0.390013,0.343719,GUE,0.0,none
gue,gue_80000_0021,80000021,soft,0.597006,0.191099,3.399195,0.129962,0.420163,0.290201,GUE,0.100503,minimal
gue,gue_80000_0021,80000021,mid,0.597006,0.191099,3.399195,0.129962,0.420163,0.290201,GUE,0.100503,minimal
gue,gue_80000_0021,80000021,strong,0.601937,0.162169,3.315583,0.16941,0.459108,0.289698,GUE,0.155779,minimal
gue,gue_80000_0022,80000022,raw,0.605524,0.23823,3.676539,0.048744,0.355465,0.306721,GUE,0.0,none
gue,gue_80000_0022,80000022,soft,0.592533,0.194272,3.440828,0.119661,0.408794,0.289133,GUE,0.110553,minimal
gue,gue_80000_0022,80000022,mid,0.592533,0.194272,3.440828,0.119661,0.408794,0.289133,GUE,0.110553,minimal
gue,gue_80000_0022,80000022,strong,0.602394,0.158848,3.272382,0.163191,0.483668,0.320477,GUE,0.190955,minimal
gue,gue_80000_0023,80000023,raw,0.615318,0.219503,3.614679,0.07054,0.397173,0.326633,GUE,0.0,none
gue,gue_80000_0023,80000023,soft,0.60095,0.180603,3.396063,0.129774,0.442399,0.312626,GUE,0.120603,minimal
gue,gue_80000_0023,80000023,mid,0.60095,0.180603,3.396063,0.129774,0.442399,0.312626,GUE,0.120603,minimal
gue,gue_80000_0023,80000023,strong,0.607671,0.153052,3.247639,0.159422,0.49598,0.336558,GUE,0.165829,minimal
gue,gue_80000_0024,80000024,raw,0.591897,0.230456,3.619425,0.045163,0.364008,0.318844,GUE,0.0,none
gue,gue_80000_0024,80000024,soft,0.588475,0.188884,3.402147,0.11941,0.428957,0.309548,GUE,0.085427,minimal
gue,gue_80000_0024,80000024,mid,0.588475,0.188884,3.402147,0.11941,0.428957,0.309548,GUE,0.085427,minimal
gue,gue_80000_0024,80000024,strong,0.591883,0.16097,3.363888,0.148869,0.451068,0.302198,GUE,0.130653,minimal
gue,gue_80000_0025,80000025,raw,0.597594,0.242003,3.672162,0.049058,0.356219,0.307161,GUE,0.0,none
gue,gue_80000_0025,80000025,soft,0.58254,0.197388,3.506743,0.111307,0.409359,0.298053,GUE,0.105528,minimal
gue,gue_80000_0025,80000025,mid,0.58254,0.197388,3.506743,0.111307,0.409359,0.298053,GUE,0.105528,minimal
gue,gue_80000_0025,80000025,strong,0.592914,0.15427,3.320572,0.161746,0.457475,0.295729,GUE,0.170854,minimal
gue,gue_80000_0026,80000026,raw,0.620488,0.241542,3.691032,0.07255,0.35402,0.28147,GUE,0.0,none
gue,gue_80000_0026,80000026,soft,0.610215,0.212528,3.469234,0.068781,0.397111,0.328329,GUE,0.095477,minimal
gue,gue_80000_0026,80000026,mid,0.610215,0.212528,3.469234,0.068781,0.397111,0.328329,GUE,0.095477,minimal
gue,gue_80000_0026,80000026,strong,0.61417,0.183697,3.503299,0.110239,0.441394,0.331156,GUE,0.145729,minimal
gue,gue_80000_0027,80000027,raw,0.604996,0.241709,3.671101,0.057538,0.365327,0.307789,GUE,0.0,none
gue,gue_80000_0027,80000027,soft,0.59504,0.203486,3.430531,0.11451,0.404962,0.290452,GUE,0.120603,minimal
gue,gue_80000_0027,80000027,mid,0.59504,0.203486,3.430531,0.11451,0.404962,0.290452,GUE,0.120603,minimal
gue,gue_80000_0027,80000027,strong,0.604456,0.154562,3.310699,0.1625,0.459548,0.297048,GUE,0.175879,minimal
gue,gue_80000_0028,80000028,raw,0.614734,0.219217,3.583246,0.067211,0.401696,0.334485,GUE,0.0,none
gue,gue_80000_0028,80000028,soft,0.597927,0.185552,3.382383,0.107412,0.441897,0.334485,GUE,0.105528,minimal
gue,gue_80000_0028,80000028,mid,0.597927,0.185552,3.382383,0.107412,0.441897,0.334485,GUE,0.105528,minimal
gue,gue_80000_0028,80000028,strong,0.603367,0.160988,3.353295,0.140704,0.463317,0.322613,GUE,0.165829,minimal
gue,gue_80000_0029,80000029,raw,0.624431,0.224817,3.618527,0.069724,0.396545,0.326822,GUE,0.0,none
gue,gue_80000_0029,80000029,soft,0.617795,0.190832,3.481328,0.099623,0.427324,0.327701,GUE,0.120603,minimal
gue,gue_80000_0029,80000029,mid,0.617795,0.190832,3.481328,0.099623,0.427324,0.327701,GUE,0.120603,minimal
gue,gue_80000_0029,80000029,strong,0.621748,0.158032,3.351128,0.149497,0.477952,0.328455,GUE,0.18593,minimal
gue,gue_80000_0030,80000030,raw,0.645613,0.216042,3.592121,0.12255,0.417588,0.295038,GUE,0.0,none
gue,gue_80000_0030,80000030,soft,0.636199,0.185915,3.402992,0.142651,0.464259,0.321608,GUE,0.110553,minimal
gue,gue_80000_0030,80000030,mid,0.636199,0.185915,3.402992,0.142651,0.464259,0.321608,GUE,0.110553,minimal
gue,gue_80000_0030,80000030,strong,0.642907,0.153011,3.262243,0.182224,0.509799,0.327575,GUE,0.145729,minimal
gue,gue_80000_0031,80000031,raw,0.610805,0.240588,3.696986,0.065829,0.360553,0.294724,GUE,0.0,none
gue,gue_80000_0031,80000031,soft,0.599111,0.204862,3.417944,0.102324,0.394472,0.292148,GUE,0.110553,minimal
gue,gue_80000_0031,80000031,mid,0.599111,0.204862,3.417944,0.102324,0.394472,0.292148,GUE,0.110553,minimal
gue,gue_80000_0031,80000031,strong,0.607327,0.16817,3.348704,0.15044,0.436244,0.285804,GUE,0.160804,minimal
gue,gue_80000_0032,80000032,raw,0.560744,0.227831,3.658326,0.073492,0.305967,0.232475,GUE,0.0,none
gue,gue_80000_0032,80000032,soft,0.541602,0.179936,3.362754,0.182977,0.351193,0.168216,GUE,0.120603,minimal
gue,gue_80000_0032,80000032,mid,0.541602,0.179936,3.362754,0.182977,0.351193,0.168216,GUE,0.120603,minimal
gue,gue_80000_0032,80000032,strong,0.549123,0.142522,3.193204,0.235113,0.421859,0.186746,GUE,0.175879,minimal
gue,gue_80000_0033,80000033,raw,0.600562,0.222747,3.60054,0.044975,0.381344,0.336369,GUE,0.0,none
gue,gue_80000_0033,80000033,soft,0.592762,0.186081,3.432631,0.108794,0.429585,0.320791,GUE,0.085427,minimal
gue,gue_80000_0033,80000033,mid,0.592762,0.186081,3.432631,0.108794,0.429585,0.320791,GUE,0.085427,minimal
gue,gue_80000_0033,80000033,strong,0.595915,0.154791,3.297337,0.145163,0.458668,0.313505,GUE,0.145729,minimal
gue,gue_80000_0034,80000034,raw,0.591915,0.233244,3.632648,0.06853,0.376319,0.307789,GUE,0.0,none
gue,gue_80000_0034,80000034,soft,0.582218,0.197221,3.397447,0.108731,0.429774,0.321043,GUE,0.080402,minimal
gue,gue_80000_0034,80000034,mid,0.582218,0.197221,3.397447,0.108731,0.429774,0.321043,GUE,0.080402,minimal
gue,gue_80000_0034,80000034,strong,0.586208,0.163959,3.324173,0.12902,0.469472,0.340452,GUE,0.140704,minimal
gue,gue_80000_0035,80000035,raw,0.627715,0.229182,3.579279,0.08191,0.388945,0.307035,GUE,0.0,none
gue,gue_80000_0035,80000035,soft,0.604702,0.185943,3.425802,0.120854,0.417902,0.297048,GUE,0.130653,minimal
gue,gue_80000_0035,80000035,mid,0.604702,0.185943,3.425802,0.120854,0.417902,0.297048,GUE,0.130653,minimal
gue,gue_80000_0035,80000035,strong,0.612745,0.146315,3.288302,0.167714,0.489259,0.321545,GUE,0.190955,minimal
gue,gue_80000_0036,80000036,raw,0.6059,0.234078,3.664064,0.063379,0.350251,0.286872,GUE,0.0,none
gue,gue_80000_0036,80000036,soft,0.594012,0.198516,3.437921,0.099121,0.407412,0.308291,GUE,0.095477,minimal
gue,gue_80000_0036,80000036,mid,0.594012,0.198516,3.437921,0.099121,0.407412,0.308291,GUE,0.095477,minimal
gue,gue_80000_0036,80000036,strong,0.602418,0.164214,3.370726,0.140327,0.476005,0.335678,GUE,0.145729,minimal
gue,gue_80000_0037,80000037,raw,0.592543,0.227736,3.625391,0.051696,0.356093,0.304397,GUE,0.0,none
gue,gue_80000_0037,80000037,soft,0.578348,0.186828,3.41044,0.142148,0.406784,0.264636,GUE,0.095477,minimal
gue,gue_80000_0037,80000037,mid,0.578348,0.186828,3.41044,0.142148,0.406784,0.264636,GUE,0.095477,minimal
gue,gue_80000_0037,80000037,strong,0.585275,0.156292,3.313525,0.156784,0.498869,0.342085,GUE,0.170854,minimal
gue,gue_80000_0038,80000038,raw,0.626624,0.222642,3.637833,0.081595,0.405276,0.323681,GUE,0.0,none
gue,gue_80000_0038,80000038,soft,0.612104,0.18095,3.409682,0.121796,0.445477,0.323681,GUE,0.115578,minimal
gue,gue_80000_0038,80000038,mid,0.612104,0.18095,3.409682,0.121796,0.445477,0.323681,GUE,0.115578,minimal
gue,gue_80000_0038,80000038,strong,0.617504,0.14634,3.215221,0.175628,0.500377,0.324749,GUE,0.201005,minimal
gue,gue_80000_0039,80000039,raw,0.598208,0.225432,3.654185,0.040452,0.363756,0.323304,GUE,0.0,none
gue,gue_80000_0039,80000039,soft,0.591021,0.183679,3.420978,0.120854,0.427952,0.307098,GUE,0.105528,minimal
gue,gue_80000_0039,80000039,mid,0.591021,0.183679,3.420978,0.120854,0.427952,0.307098,GUE,0.105528,minimal
gue,gue_80000_0039,80000039,strong,0.600728,0.150678,3.303566,0.15603,0.484987,0.328957,GUE,0.150754,minimal
gue,gue_80000_0040,80000040,raw,0.661553,0.217919,3.574261,0.147362,0.444347,0.296985,GUE,0.0,none
gue,gue_80000_0040,80000040,soft,0.652121,0.193862,3.356855,0.174183,0.478706,0.304523,GUE,0.090452,minimal
gue,gue_80000_0040,80000040,mid,0.652121,0.193862,3.356855,0.174183,0.478706,0.304523,GUE,0.090452,minimal
gue,gue_80000_0040,80000040,strong,0.6563,0.165742,3.347868,0.21407,0.519724,0.305653,GUE,0.135678,minimal
gue,gue_80000_0041,80000041,raw,0.605124,0.226594,3.590996,0.043844,0.373241,0.329397,GUE,0.0,none
gue,gue_80000_0041,80000041,soft,0.582751,0.183874,3.425706,0.139196,0.419221,0.280025,GUE,0.120603,minimal
gue,gue_80000_0041,80000041,mid,0.582751,0.183874,3.425706,0.139196,0.419221,0.280025,GUE,0.120603,minimal
gue,gue_80000_0041,80000041,strong,0.589245,0.155807,3.354663,0.14843,0.464322,0.315892,GUE,0.145729,minimal
gue,gue_80000_0042,80000042,raw,0.573188,0.229511,3.686111,0.066206,0.334548,0.268342,GUE,0.0,none
gue,gue_80000_0042,80000042,soft,0.556028,0.173988,3.393696,0.198618,0.391332,0.192714,GUE,0.145729,minimal
gue,gue_80000_0042,80000042,mid,0.556028,0.173988,3.393696,0.198618,0.391332,0.192714,GUE,0.145729,minimal
gue,gue_80000_0042,80000042,strong,0.559072,0.140102,3.20957,0.235992,0.442399,0.206407,GUE,0.18593,minimal
gue,gue_80000_0043,80000043,raw,0.63559,0.225874,3.614952,0.083291,0.402701,0.31941,GUE,0.0,none
gue,gue_80000_0043,80000043,soft,0.633577,0.197326,3.405487,0.125,0.458982,0.333982,GUE,0.080402,minimal
gue,gue_80000_0043,80000043,mid,0.633577,0.197326,3.405487,0.125,0.458982,0.333982,GUE,0.080402,minimal
gue,gue_80000_0043,80000043,strong,0.63813,0.164976,3.345884,0.170226,0.509234,0.339008,GUE,0.160804,minimal
gue,gue_80000_0044,80000044,raw,0.582188,0.255525,3.678896,0.072299,0.318342,0.246043,GUE,0.0,none
gue,gue_80000_0044,80000044,soft,0.571801,0.228267,3.514033,0.090138,0.349623,0.259485,GUE,0.075377,minimal
gue,gue_80000_0044,80000044,mid,0.571801,0.228267,3.514033,0.090138,0.349623,0.259485,GUE,0.075377,minimal
gue,gue_80000_0044,80000044,strong,0.5757,0.183683,3.483091,0.136935,0.386621,0.249686,GUE,0.145729,minimal
gue,gue_80000_0045,80000045,raw,0.599686,0.225718,3.605315,0.058103,0.36696,0.308857,GUE,0.0,none
gue,gue_80000_0045,80000045,soft,0.592008,0.18582,3.348353,0.124372,0.431533,0.307161,GUE,0.090452,minimal
gue,gue_80000_0045,80000045,mid,0.592008,0.18582,3.348353,0.124372,0.431533,0.307161,GUE,0.090452,minimal
gue,gue_80000_0045,80000045,strong,0.595168,0.157187,3.308291,0.155088,0.483291,0.328204,GUE,0.140704,minimal
gue,gue_80000_0046,80000046,raw,0.571222,0.232185,3.66637,0.084987,0.317211,0.232224,GUE,0.0,none
gue,gue_80000_0046,80000046,soft,0.552299,0.184768,3.350342,0.193467,0.365578,0.172111,GUE,0.115578,minimal
gue,gue_80000_0046,80000046,mid,0.552299,0.184768,3.350342,0.193467,0.365578,0.172111,GUE,0.115578,minimal
gue,gue_80000_0046,80000046,strong,0.561352,0.151734,3.323746,0.209485,0.422676,0.213191,GUE,0.175879,minimal
gue,gue_80000_0047,80000047,raw,0.597093,0.226984,3.614537,0.049435,0.381281,0.331847,GUE,0.0,none
gue,gue_80000_0047,80000047,soft,0.579538,0.187436,3.395117,0.109736,0.430779,0.321043,GUE,0.100503,minimal
gue,gue_80000_0047,80000047,mid,0.579538,0.187436,3.395117,0.109736,0.430779,0.321043,GUE,0.100503,minimal
gue,gue_80000_0047,80000047,strong,0.583204,0.156137,3.335189,0.164824,0.460113,0.295289,GUE,0.165829,minimal
gue,gue_80000_0048,80000048,raw,0.626306,0.231838,3.66097,0.07745,0.405151,0.327701,GUE,0.0,none
gue,gue_80000_0048,80000048,soft,0.620836,0.192947,3.473371,0.126068,0.455402,0.329334,GUE,0.100503,minimal
gue,gue_80000_0048,80000048,mid,0.620836,0.192947,3.473371,0.126068,0.455402,0.329334,GUE,0.100503,minimal
gue,gue_80000_0048,80000048,strong,0.627336,0.158141,3.281009,0.205151,0.521922,0.316771,GUE,0.211055,minimal
gue,gue_80000_0049,80000049,raw,0.582712,0.2478,3.630339,0.082412,0.303329,0.220917,GUE,0.0,none
gue,gue_80000_0049,80000049,soft,0.576393,0.216366,3.496583,0.095352,0.346859,0.251508,GUE,0.085427,minimal
gue,gue_80000_0049,80000049,mid,0.576393,0.216366,3.496583,0.095352,0.346859,0.251508,GUE,0.085427,minimal
gue,gue_80000_0049,80000049,strong,0.575765,0.187668,3.456804,0.153518,0.380402,0.226884,GUE,0.170854,minimal
poisson,poisson_90000_0000,90000000,raw,0.399437,0.27782,3.711451,0.323116,0.048807,-0.274309,POISSON,0.0,none
poisson,poisson_90000_0000,90000000,soft,0.362055,0.210482,3.44805,0.388254,0.148807,-0.239447,POISSON,0.145729,minimal
poisson,poisson_90000_0000,90000000,mid,0.362055,0.210482,3.44805,0.388254,0.148807,-0.239447,POISSON,0.145729,minimal
poisson,poisson_90000_0000,90000000,strong,0.363994,0.166882,3.365005,0.445415,0.197927,-0.247487,POISSON,0.221106,minimal
poisson,poisson_90000_0001,90000001,raw,0.427225,0.273929,3.771866,0.309548,0.114761,-0.194786,POISSON,0.0,none
poisson,poisson_90000_0001,90000001,soft,0.39182,0.216568,3.5008,0.348932,0.170038,-0.178894,POISSON,0.115578,minimal
poisson,poisson_90000_0001,90000001,mid,0.39182,0.216568,3.5008,0.348932,0.170038,-0.178894,POISSON,0.115578,minimal
poisson,poisson_90000_0001,90000001,strong,0.398814,0.166142,3.389077,0.405905,0.236118,-0.169786,POISSON,0.190955,minimal
poisson,poisson_90000_0002,90000002,raw,0.375981,0.294911,3.69972,0.384045,0.06407,-0.319975,POISSON,0.0,none
poisson,poisson_90000_0002,90000002,soft,0.325132,0.228431,3.563347,0.445729,0.133857,-0.311872,POISSON,0.115578,minimal
poisson,poisson_90000_0002,90000002,mid,0.325132,0.228431,3.563347,0.445729,0.133857,-0.311872,POISSON,0.115578,minimal
poisson,poisson_90000_0002,90000002,strong,0.33382,0.192949,3.440667,0.45647,0.180276,-0.276193,POISSON,0.155779,minimal
poisson,poisson_90000_0003,90000003,raw,0.399341,0.305076,3.771997,0.359045,0.060239,-0.298807,POISSON,0.0,none
poisson,poisson_90000_0003,90000003,soft,0.377888,0.250768,3.592572,0.362374,0.069849,-0.292525,POISSON,0.110553,minimal
poisson,poisson_90000_0003,90000003,mid,0.377888,0.250768,3.592572,0.362374,0.069849,-0.292525,POISSON,0.110553,minimal
poisson,poisson_90000_0003,90000003,strong,0.375292,0.210361,3.554183,0.379774,0.121294,-0.25848,POISSON,0.180905,minimal
poisson,poisson_90000_0004,90000004,raw,0.367764,0.281573,3.683534,0.392525,0.061935,-0.33059,POISSON,0.0,none
poisson,poisson_90000_0004,90000004,soft,0.337213,0.223565,3.494826,0.415264,0.125251,-0.290013,POISSON,0.110553,minimal
poisson,poisson_90000_0004,90000004,mid,0.337213,0.223565,3.494826,0.415264,0.125251,-0.290013,POISSON,0.110553,minimal
poisson,poisson_90000_0004,90000004,strong,0.340942,0.184862,3.418786,0.453832,0.165138,-0.288693,POISSON,0.155779,minimal
poisson,poisson_90000_0005,90000005,raw,0.403552,0.279671,3.765977,0.316332,0.069284,-0.247048,POISSON,0.0,none
poisson,poisson_90000_0005,90000005,soft,0.373168,0.227693,3.606595,0.388945,0.095854,-0.29309,POISSON,0.090452,minimal
poisson,poisson_90000_0005,90000005,mid,0.373168,0.227693,3.606595,0.388945,0.095854,-0.29309,POISSON,0.090452,minimal
poisson,poisson_90000_0005,90000005,strong,0.378583,0.195156,3.500018,0.407286,0.164322,-0.242965,POISSON,0.155779,minimal
poisson,poisson_90000_0006,90000006,raw,0.359358,0.261701,3.713185,0.383543,0.071545,-0.311997,POISSON,0.0,none
poisson,poisson_90000_0006,90000006,soft,0.324433,0.212579,3.489713,0.445415,0.146168,-0.299246,POISSON,0.085427,minimal
poisson,poisson_90000_0006,90000006,mid,0.324433,0.212579,3.489713,0.445415,0.146168,-0.299246,POISSON,0.085427,minimal
poisson,poisson_90000_0006,90000006,strong,0.329073,0.186673,3.428941,0.488442,0.189636,-0.298807,POISSON,0.170854,minimal
poisson,poisson_90000_0007,90000007,raw,0.400326,0.288014,3.759165,0.34108,0.044724,-0.296357,POISSON,0.0,none
poisson,poisson_90000_0007,90000007,soft,0.370899,0.226709,3.524265,0.379146,0.100754,-0.278392,POISSON,0.120603,minimal
poisson,poisson_90000_0007,90000007,mid,0.370899,0.226709,3.524265,0.379146,0.100754,-0.278392,POISSON,0.120603,minimal
poisson,poisson_90000_0007,90000007,strong,0.369639,0.18313,3.396895,0.414573,0.187374,-0.227198,POISSON,0.20603,minimal
poisson,poisson_90000_0008,90000008,raw,0.404504,0.28398,3.704324,0.350377,0.062437,-0.28794,POISSON,0.0,none
poisson,poisson_90000_0008,90000008,soft,0.352385,0.215823,3.460542,0.423869,0.108606,-0.315264,POISSON,0.135678,minimal
poisson,poisson_90000_0008,90000008,mid,0.352385,0.215823,3.460542,0.423869,0.108606,-0.315264,POISSON,0.135678,minimal
poisson,poisson_90000_0008,90000008,strong,0.364425,0.173183,3.386365,0.420729,0.182286,-0.238442,POISSON,0.20603,minimal
poisson,poisson_90000_0009,90000009,raw,0.366704,0.29301,3.666133,0.409045,0.065389,-0.343656,POISSON,0.0,none
poisson,poisson_90000_0009,90000009,soft,0.337229,0.245078,3.476727,0.439196,0.105276,-0.33392,POISSON,0.080402,minimal
poisson,poisson_90000_0009,90000009,mid,0.337229,0.245078,3.476727,0.439196,0.105276,-0.33392,POISSON,0.080402,minimal
poisson,poisson_90000_0009,90000009,strong,0.336581,0.208056,3.498628,0.427261,0.128266,-0.298995,POISSON,0.145729,minimal
poisson,poisson_90000_0010,90000010,raw,0.370214,0.308525,3.665669,0.410427,0.101068,-0.309359,POISSON,0.0,none
poisson,poisson_90000_0010,90000010,soft,0.33863,0.267879,3.522047,0.458668,0.115578,-0.34309,POISSON,0.075377,minimal
poisson,poisson_90000_0010,90000010,mid,0.33863,0.267879,3.522047,0.458668,0.115578,-0.34309,POISSON,0.075377,minimal
poisson,poisson_90000_0010,90000010,strong,0.343813,0.22294,3.568561,0.430088,0.100754,-0.329334,POISSON,0.160804,minimal
poisson,poisson_90000_0011,90000011,raw,0.375534,0.296266,3.681102,0.374183,0.088191,-0.285992,POISSON,0.0,none
poisson,poisson_90000_0011,90000011,soft,0.332633,0.238396,3.491365,0.408794,0.121106,-0.287688,POISSON,0.105528,minimal
poisson,poisson_90000_0011,90000011,mid,0.332633,0.238396,3.491365,0.408794,0.121106,-0.287688,POISSON,0.105528,minimal
poisson,poisson_90000_0011,90000011,strong,0.337412,0.1974,3.439373,0.456595,0.182601,-0.273995,POISSON,0.175879,minimal
poisson,poisson_90000_0012,90000012,raw,0.404128,0.277987,3.794504,0.313065,0.050628,-0.262437,POISSON,0.0,none
poisson,poisson_90000_0012,90000012,soft,0.375392,0.229564,3.637145,0.376759,0.120226,-0.256533,POISSON,0.095477,minimal
poisson,poisson_90000_0012,90000012,mid,0.375392,0.229564,3.637145,0.376759,0.120226,-0.256533,POISSON,0.095477,minimal
poisson,poisson_90000_0012,90000012,strong,0.382049,0.193904,3.438707,0.429334,0.163756,-0.265578,POISSON,0.145729,minimal
poisson,poisson_90000_0013,90000013,raw,0.408356,0.295449,3.740628,0.341897,0.058417,-0.28348,POISSON,0.0,none
poisson,poisson_90000_0013,90000013,soft,0.378532,0.236891,3.574433,0.356721,0.090389,-0.266332,POISSON,0.120603,minimal
poisson,poisson_90000_0013,90000013,mid,0.378532,0.236891,3.574433,0.356721,0.090389,-0.266332,POISSON,0.120603,minimal
poisson,poisson_90000_0013,90000013,strong,0.387045,0.192671,3.397188,0.386683,0.159987,-0.226696,POISSON,0.175879,minimal
poisson,poisson_90000_0014,90000014,raw,0.418408,0.295053,3.760618,0.317211,0.063379,-0.253832,POISSON,0.0,none
poisson,poisson_90000_0014,90000014,soft,0.3732,0.225949,3.576999,0.365201,0.091018,-0.274183,POISSON,0.135678,minimal
poisson,poisson_90000_0014,90000014,mid,0.3732,0.225949,3.576999,0.365201,0.091018,-0.274183,POISSON,0.135678,minimal
poisson,poisson_90000_0014,90000014,strong,0.380288,0.18176,3.423687,0.397676,0.186495,-0.211181,POISSON,0.19598,minimal
poisson,poisson_90000_0015,90000015,raw,0.421018,0.294911,3.756081,0.341457,0.068844,-0.272613,POISSON,0.0,none
poisson,poisson_90000_0015,90000015,soft,0.387117,0.236702,3.581403,0.358166,0.110427,-0.247739,POISSON,0.120603,minimal
poisson,poisson_90000_0015,90000015,mid,0.387117,0.236702,3.581403,0.358166,0.110427,-0.247739,POISSON,0.120603,minimal
poisson,poisson_90000_0015,90000015,strong,0.38936,0.196479,3.454606,0.372299,0.157915,-0.214384,POISSON,0.175879,minimal
poisson,poisson_90000_0016,90000016,raw,0.379719,0.281219,3.720115,0.349246,0.043656,-0.30559,POISSON,0.0,none
poisson,poisson_90000_0016,90000016,soft,0.347724,0.216159,3.486369,0.412312,0.137626,-0.274686,POISSON,0.120603,minimal
poisson,poisson_90000_0016,90000016,mid,0.347724,0.216159,3.486369,0.412312,0.137626,-0.274686,POISSON,0.120603,minimal
poisson,poisson_90000_0016,90000016,strong,0.351362,0.187162,3.442439,0.423555,0.165704,-0.257852,POISSON,0.175879,minimal
poisson,poisson_90000_0017,90000017,raw,0.365314,0.289165,3.678595,0.401319,0.076759,-0.32456,POISSON,0.0,none
poisson,poisson_90000_0017,90000017,soft,0.333417,0.239406,3.52816,0.471671,0.137312,-0.334359,POISSON,0.085427,minimal
poisson,poisson_90000_0017,90000017,mid,0.333417,0.239406,3.52816,0.471671,0.137312,-0.334359,POISSON,0.085427,minimal
poisson,poisson_90000_0017,90000017,strong,0.337178,0.196814,3.473109,0.502952,0.171482,-0.33147,POISSON,0.18593,minimal
poisson,poisson_90000_0018,90000018,raw,0.34461,0.273432,3.583454,0.445226,0.102136,-0.34309,POISSON,0.0,none
poisson,poisson_90000_0018,90000018,soft,0.308673,0.222012,3.423025,0.529523,0.186997,-0.342525,POISSON,0.100503,minimal
poisson,poisson_90000_0018,90000018,mid,0.308673,0.222012,3.423025,0.529523,0.186997,-0.342525,POISSON,0.100503,minimal
poisson,poisson_90000_0018,90000018,strong,0.31385,0.191124,3.374595,0.529774,0.204648,-0.325126,POISSON,0.180905,minimal
poisson,poisson_90000_0019,90000019,raw,0.381813,0.272622,3.706823,0.375188,0.048618,-0.32657,POISSON,0.0,none
poisson,poisson_90000_0019,90000019,soft,0.344362,0.205708,3.468362,0.43549,0.164196,-0.271294,POISSON,0.120603,minimal
poisson,poisson_90000_0019,90000019,mid,0.344362,0.205708,3.468362,0.43549,0.164196,-0.271294,POISSON,0.120603,minimal
poisson,poisson_90000_0019,90000019,strong,0.349788,0.17301,3.43556,0.461181,0.185992,-0.275188,POISSON,0.160804,minimal
poisson,poisson_90000_0020,90000020,raw,0.391702,0.264803,3.745806,0.358982,0.057538,-0.301445,POISSON,0.0,none
poisson,poisson_90000_0020,90000020,soft,0.352163,0.195605,3.466633,0.460364,0.163379,-0.296985,POISSON,0.135678,minimal
poisson,poisson_90000_0020,90000020,mid,0.352163,0.195605,3.466633,0.460364,0.163379,-0.296985,POISSON,0.135678,minimal
poisson,poisson_90000_0020,90000020,strong,0.361396,0.15731,3.26672,0.463191,0.216332,-0.246859,POISSON,0.190955,minimal
poisson,poisson_90000_0021,90000021,raw,0.340276,0.259228,3.622558,0.417462,0.092776,-0.324686,POISSON,0.0,none
poisson,poisson_90000_0021,90000021,soft,0.310486,0.201829,3.433334,0.472425,0.186244,-0.286181,POISSON,0.095477,minimal
poisson,poisson_90000_0021,90000021,mid,0.310486,0.201829,3.433334,0.472425,0.186244,-0.286181,POISSON,0.095477,minimal
poisson,poisson_90000_0021,90000021,strong,0.311982,0.165829,3.394189,0.520603,0.224121,-0.296482,POISSON,0.150754,minimal
poisson,poisson_90000_0022,90000022,raw,0.4044,0.279605,3.716771,0.315327,0.077073,-0.238254,POISSON,0.0,none
poisson,poisson_90000_0022,90000022,soft,0.366207,0.213714,3.48985,0.430905,0.151633,-0.279271,POISSON,0.125628,minimal
poisson,poisson_90000_0022,90000022,mid,0.366207,0.213714,3.48985,0.430905,0.151633,-0.279271,POISSON,0.125628,minimal
poisson,poisson_90000_0022,90000022,strong,0.374651,0.182068,3.452545,0.417651,0.162312,-0.255339,POISSON,0.155779,minimal
poisson,poisson_90000_0023,90000023,raw,0.421628,0.288716,3.746066,0.333857,0.077198,-0.256658,POISSON,0.0,none
poisson,poisson_90000_0023,90000023,soft,0.393866,0.237933,3.581742,0.367399,0.102324,-0.265075,POISSON,0.110553,minimal
poisson,poisson_90000_0023,90000023,mid,0.393866,0.237933,3.581742,0.367399,0.102324,-0.265075,POISSON,0.110553,minimal
poisson,poisson_90000_0023,90000023,strong,0.401929,0.196176,3.492604,0.351382,0.195854,-0.155528,POISSON,0.155779,minimal
poisson,poisson_90000_0024,90000024,raw,0.399265,0.272606,3.764044,0.350754,0.067399,-0.283354,POISSON,0.0,none
poisson,poisson_90000_0024,90000024,soft,0.372068,0.224068,3.577479,0.41608,0.126193,-0.289887,POISSON,0.090452,minimal
poisson,poisson_90000_0024,90000024,mid,0.372068,0.224068,3.577479,0.41608,0.126193,-0.289887,POISSON,0.090452,minimal
poisson,poisson_90000_0024,90000024,strong,0.37266,0.176694,3.404717,0.457789,0.178455,-0.279334,POISSON,0.150754,minimal
poisson,poisson_90000_0025,90000025,raw,0.381265,0.282426,3.676651,0.403141,0.058103,-0.345038,POISSON,0.0,none
poisson,poisson_90000_0025,90000025,soft,0.354137,0.226092,3.546349,0.433794,0.10044,-0.333354,POISSON,0.095477,minimal
poisson,poisson_90000_0025,90000025,mid,0.354137,0.226092,3.546349,0.433794,0.10044,-0.333354,POISSON,0.095477,minimal
poisson,poisson_90000_0025,90000025,strong,0.353806,0.186621,3.417294,0.436683,0.177387,-0.259296,POISSON,0.170854,minimal
poisson,poisson_90000_0026,90000026,raw,0.37607,0.303007,3.640151,0.371545,0.094472,-0.277073,POISSON,0.0,none
poisson,poisson_90000_0026,90000026,soft,0.349611,0.276376,3.493336,0.406721,0.099497,-0.307224,POISSON,0.065327,minimal
poisson,poisson_90000_0026,90000026,mid,0.349611,0.276376,3.493336,0.406721,0.099497,-0.307224,POISSON,0.065327,minimal
poisson,poisson_90000_0026,90000026,strong,0.355279,0.243043,3.589806,0.409736,0.098869,-0.310867,POISSON,0.140704,minimal
poisson,poisson_90000_0027,90000027,raw,0.396426,0.271134,3.72501,0.345666,0.042651,-0.303015,POISSON,0.0,none
poisson,poisson_90000_0027,90000027,soft,0.378277,0.215227,3.49391,0.360616,0.112877,-0.247739,POISSON,0.100503,minimal
poisson,poisson_90000_0027,90000027,mid,0.378277,0.215227,3.49391,0.360616,0.112877,-0.247739,POISSON,0.100503,minimal
poisson,poisson_90000_0027,90000027,strong,0.373735,0.170998,3.392643,0.408857,0.188945,-0.219912,POISSON,0.175879,minimal
poisson,poisson_90000_0028,90000028,raw,0.393425,0.27771,3.713783,0.364573,0.064008,-0.300565,POISSON,0.0,none
poisson,poisson_90000_0028,90000028,soft,0.357866,0.215441,3.425268,0.431093,0.121985,-0.309108,POISSON,0.110553,minimal
poisson,poisson_90000_0028,90000028,mid,0.357866,0.215441,3.425268,0.431093,0.121985,-0.309108,POISSON,0.110553,minimal
poisson,poisson_90000_0028,90000028,strong,0.360815,0.190123,3.479727,0.433417,0.148367,-0.28505,POISSON,0.150754,minimal
poisson,poisson_90000_0029,90000029,raw,0.343307,0.275651,3.657455,0.447802,0.103015,-0.344786,POISSON,0.0,none
poisson,poisson_90000_0029,90000029,soft,0.294546,0.193915,3.370451,0.538254,0.193467,-0.344786,POISSON,0.120603,minimal
poisson,poisson_90000_0029,90000029,mid,0.294546,0.193915,3.370451,0.538254,0.193467,-0.344786,POISSON,0.120603,minimal
poisson,poisson_90000_0029,90000029,strong,0.298547,0.167478,3.369231,0.546796,0.216269,-0.330528,POISSON,0.160804,minimal
poisson,poisson_90000_0030,90000030,raw,0.393184,0.286218,3.754221,0.343467,0.034485,-0.308982,POISSON,0.0,none
poisson,poisson_90000_0030,90000030,soft,0.359177,0.231395,3.451344,0.42098,0.122425,-0.298555,POISSON,0.120603,minimal
poisson,poisson_90000_0030,90000030,mid,0.359177,0.231395,3.451344,0.42098,0.122425,-0.298555,POISSON,0.120603,minimal
poisson,poisson_90000_0030,90000030,strong,0.359286,0.181433,3.44636,0.457726,0.172739,-0.284987,POISSON,0.180905,minimal
poisson,poisson_90000_0031,90000031,raw,0.400991,0.290365,3.715437,0.340578,0.036558,-0.30402,POISSON,0.0,none
poisson,poisson_90000_0031,90000031,soft,0.377057,0.246075,3.520092,0.379146,0.087186,-0.29196,POISSON,0.090452,minimal
poisson,poisson_90000_0031,90000031,mid,0.377057,0.246075,3.520092,0.379146,0.087186,-0.29196,POISSON,0.090452,minimal
poisson,poisson_90000_0031,90000031,strong,0.380899,0.207363,3.548242,0.361997,0.124874,-0.237123,POISSON,0.150754,minimal
poisson,poisson_90000_0032,90000032,raw,0.405202,0.273515,3.731648,0.354648,0.079899,-0.274749,POISSON,0.0,none
poisson,poisson_90000_0032,90000032,soft,0.373495,0.213023,3.442532,0.419975,0.135176,-0.284799,POISSON,0.110553,minimal
poisson,poisson_90000_0032,90000032,mid,0.373495,0.213023,3.442532,0.419975,0.135176,-0.284799,POISSON,0.110553,minimal
poisson,poisson_90000_0032,90000032,strong,0.379247,0.179392,3.451063,0.400691,0.179209,-0.221482,POISSON,0.160804,minimal
poisson,poisson_90000_0033,90000033,raw,0.40559,0.285254,3.759726,0.346545,0.042965,-0.30358,POISSON,0.0,none
poisson,poisson_90000_0033,90000033,soft,0.361859,0.215439,3.55241,0.405528,0.12456,-0.280967,POISSON,0.145729,minimal
poisson,poisson_90000_0033,90000033,mid,0.361859,0.215439,3.55241,0.405528,0.12456,-0.280967,POISSON,0.145729,minimal
poisson,poisson_90000_0033,90000033,strong,0.368085,0.17179,3.297186,0.411809,0.19642,-0.215389,POISSON,0.20603,minimal
poisson,poisson_90000_0034,90000034,raw,0.401251,0.280472,3.713648,0.354774,0.05691,-0.297864,POISSON,0.0,none
poisson,poisson_90000_0034,90000034,soft,0.377204,0.235409,3.544361,0.417085,0.117148,-0.299937,POISSON,0.075377,minimal
poisson,poisson_90000_0034,90000034,mid,0.377204,0.235409,3.544361,0.417085,0.117148,-0.299937,POISSON,0.075377,minimal
poisson,poisson_90000_0034,90000034,strong,0.380479,0.201919,3.490227,0.400063,0.144284,-0.255779,POISSON,0.125628,minimal
poisson,poisson_90000_0035,90000035,raw,0.39478,0.281184,3.725816,0.384422,0.048367,-0.336055,POISSON,0.0,none
poisson,poisson_90000_0035,90000035,soft,0.367592,0.228901,3.522152,0.403518,0.118719,-0.284799,POISSON,0.110553,minimal
poisson,poisson_90000_0035,90000035,mid,0.367592,0.228901,3.522152,0.403518,0.118719,-0.284799,POISSON,0.110553,minimal
poisson,poisson_90000_0035,90000035,strong,0.369629,0.184677,3.402688,0.438945,0.181721,-0.257224,POISSON,0.175879,minimal
poisson,poisson_90000_0036,90000036,raw,0.409382,0.289826,3.716338,0.334799,0.061872,-0.272927,POISSON,0.0,none
poisson,poisson_90000_0036,90000036,soft,0.388555,0.236473,3.575348,0.342337,0.115955,-0.226382,POISSON,0.110553,minimal
poisson,poisson_90000_0036,90000036,mid,0.388555,0.236473,3.575348,0.342337,0.115955,-0.226382,POISSON,0.110553,minimal
poisson,poisson_90000_0036,90000036,strong,0.389386,0.191265,3.470565,0.420352,0.185867,-0.234485,POISSON,0.180905,minimal
poisson,poisson_90000_0037,90000037,raw,0.388712,0.300293,3.642089,0.355905,0.064322,-0.291583,POISSON,0.0,none
poisson,poisson_90000_0037,90000037,soft,0.352215,0.242553,3.475482,0.412249,0.086997,-0.325251,POISSON,0.105528,minimal
poisson,poisson_90000_0037,90000037,mid,0.352215,0.242553,3.475482,0.412249,0.086997,-0.325251,POISSON,0.105528,minimal
poisson,poisson_90000_0037,90000037,strong,0.352164,0.191941,3.468995,0.436118,0.153706,-0.282412,POISSON,0.180905,minimal
poisson,poisson_90000_0038,90000038,raw,0.410064,0.266909,3.728492,0.304523,0.084296,-0.220226,POISSON,0.0,none
poisson,poisson_90000_0038,90000038,soft,0.387613,0.215218,3.505651,0.345352,0.140892,-0.20446,POISSON,0.100503,minimal
poisson,poisson_90000_0038,90000038,mid,0.387613,0.215218,3.505651,0.345352,0.140892,-0.20446,POISSON,0.100503,minimal
poisson,poisson_90000_0038,90000038,strong,0.394672,0.168472,3.348231,0.413505,0.188317,-0.225188,POISSON,0.170854,minimal
poisson,poisson_90000_0039,90000039,raw,0.39382,0.284961,3.665633,0.348241,0.037249,-0.310992,POISSON,0.0,none
poisson,poisson_90000_0039,90000039,soft,0.364503,0.230882,3.467217,0.408103,0.126696,-0.281407,POISSON,0.100503,minimal
poisson,poisson_90000_0039,90000039,mid,0.364503,0.230882,3.467217,0.408103,0.126696,-0.281407,POISSON,0.100503,minimal
poisson,poisson_90000_0039,90000039,strong,0.368277,0.191974,3.454468,0.454711,0.167085,-0.287626,POISSON,0.150754,minimal
poisson,poisson_90000_0040,90000040,raw,0.424604,0.29202,3.715134,0.348555,0.086181,-0.262374,POISSON,0.0,none
poisson,poisson_90000_0040,90000040,soft,0.393221,0.2255,3.463748,0.396294,0.146168,-0.250126,POISSON,0.120603,minimal
poisson,poisson_90000_0040,90000040,mid,0.393221,0.2255,3.463748,0.396294,0.146168,-0.250126,POISSON,0.120603,minimal
poisson,poisson_90000_0040,90000040,strong,0.398633,0.179077,3.455124,0.382789,0.211369,-0.17142,POISSON,0.201005,minimal
poisson,poisson_90000_0041,90000041,raw,0.395905,0.276767,3.734592,0.358794,0.040013,-0.318781,POISSON,0.0,none
poisson,poisson_90000_0041,90000041,soft,0.358901,0.198891,3.478497,0.402889,0.150251,-0.252638,POISSON,0.140704,minimal
poisson,poisson_90000_0041,90000041,mid,0.358901,0.198891,3.478497,0.402889,0.150251,-0.252638,POISSON,0.140704,minimal
poisson,poisson_90000_0041,90000041,strong,0.360174,0.159211,3.347932,0.462123,0.207475,-0.254648,POISSON,0.20603,minimal
poisson,poisson_90000_0042,90000042,raw,0.391678,0.293602,3.649355,0.37255,0.043279,-0.329271,POISSON,0.0,none
poisson,poisson_90000_0042,90000042,soft,0.358021,0.244539,3.490487,0.402136,0.102261,-0.299874,POISSON,0.100503,minimal
poisson,poisson_90000_0042,90000042,mid,0.358021,0.244539,3.490487,0.402136,0.102261,-0.299874,POISSON,0.100503,minimal
poisson,poisson_90000_0042,90000042,strong,0.360395,0.210475,3.445115,0.424937,0.135427,-0.28951,POISSON,0.150754,minimal
poisson,poisson_90000_0043,90000043,raw,0.387072,0.283285,3.695524,0.347425,0.038631,-0.308794,POISSON,0.0,none
poisson,poisson_90000_0043,90000043,soft,0.353414,0.231726,3.516932,0.424937,0.12858,-0.296357,POISSON,0.100503,minimal
poisson,poisson_90000_0043,90000043,mid,0.353414,0.231726,3.516932,0.424937,0.12858,-0.296357,POISSON,0.100503,minimal
poisson,poisson_90000_0043,90000043,strong,0.359108,0.186853,3.353616,0.440201,0.170352,-0.269849,POISSON,0.165829,minimal
poisson,poisson_90000_0044,90000044,raw,0.378583,0.263486,3.622647,0.351508,0.059736,-0.291771,POISSON,0.0,none
poisson,poisson_90000_0044,90000044,soft,0.355766,0.220919,3.443532,0.392776,0.148618,-0.244158,POISSON,0.105528,minimal
poisson,poisson_90000_0044,90000044,mid,0.355766,0.220919,3.443532,0.392776,0.148618,-0.244158,POISSON,0.105528,minimal
poisson,poisson_90000_0044,90000044,strong,0.360945,0.172126,3.401206,0.458857,0.193844,-0.265013,POISSON,0.170854,minimal
poisson,poisson_90000_0045,90000045,raw,0.372822,0.279308,3.679006,0.377136,0.050942,-0.326193,POISSON,0.0,none
poisson,poisson_90000_0045,90000045,soft,0.338613,0.232943,3.546437,0.430402,0.102638,-0.327764,POISSON,0.100503,minimal
poisson,poisson_90000_0045,90000045,mid,0.338613,0.232943,3.546437,0.430402,0.102638,-0.327764,POISSON,0.100503,minimal
poisson,poisson_90000_0045,90000045,strong,0.348118,0.197649,3.430692,0.443656,0.14353,-0.300126,POISSON,0.170854,minimal
poisson,poisson_90000_0046,90000046,raw,0.431756,0.3008,3.786973,0.309862,0.081281,-0.22858,POISSON,0.0,none
poisson,poisson_90000_0046,90000046,soft,0.399937,0.249403,3.581212,0.316143,0.096231,-0.219912,POISSON,0.105528,minimal
poisson,poisson_90000_0046,90000046,mid,0.399937,0.249403,3.581212,0.316143,0.096231,-0.219912,POISSON,0.105528,minimal
poisson,poisson_90000_0046,90000046,strong,0.40422,0.198139,3.498247,0.365075,0.177261,-0.187814,POISSON,0.190955,minimal
poisson,poisson_90000_0047,90000047,raw,0.418988,0.27684,3.794076,0.31294,0.075628,-0.237312,POISSON,0.0,none
poisson,poisson_90000_0047,90000047,soft,0.378036,0.214814,3.549903,0.384296,0.130905,-0.253392,POISSON,0.125628,minimal
poisson,poisson_90000_0047,90000047,mid,0.378036,0.214814,3.549903,0.384296,0.130905,-0.253392,POISSON,0.125628,minimal
poisson,poisson_90000_0047,90000047,strong,0.388581,0.184217,3.442096,0.382286,0.197173,-0.185113,POISSON,0.175879,minimal
poisson,poisson_90000_0048,90000048,raw,0.383325,0.288056,3.670112,0.36294,0.051947,-0.310992,POISSON,0.0,none
poisson,poisson_90000_0048,90000048,soft,0.341925,0.229008,3.490695,0.435553,0.132538,-0.303015,POISSON,0.110553,minimal
poisson,poisson_90000_0048,90000048,mid,0.341925,0.229008,3.490695,0.435553,0.132538,-0.303015,POISSON,0.110553,minimal
poisson,poisson_90000_0048,90000048,strong,0.350205,0.185192,3.449225,0.429837,0.155842,-0.273995,POISSON,0.155779,minimal
poisson,poisson_90000_0049,90000049,raw,0.35043,0.271504,3.622662,0.419221,0.074686,-0.344535,POISSON,0.0,none
poisson,poisson_90000_0049,90000049,soft,0.315269,0.198068,3.343285,0.459422,0.175251,-0.284171,POISSON,0.110553,minimal
poisson,poisson_90000_0049,90000049,mid,0.315269,0.198068,3.343285,0.459422,0.175251,-0.284171,POISSON,0.110553,minimal
poisson,poisson_90000_0049,90000049,strong,0.316491,0.15783,3.257869,0.55157,0.232035,-0.319535,POISSON,0.180905,minimal
