Prime_Exponent_P,Lucas_Lehmer_Iterations,Spectral_Hash_PCP,Timestamp_Unix,Source_File,Date
23347,23000,d87ccc9677f2233e4b1bda7f302f61941eeba4e4e899e44f5604a1547a282aad,1771670467.8046389,checkpoint_23347.json,2026-02-21 05:41:07
23349,23000,5025f782a84da6e64d482b433a44f5d8fea7f2a9dc7e82fba072d2330b392218,1771670539.6698017,checkpoint_23349.json,2026-02-21 05:42:19
23351,23000,9a238cb4c8b3a3dcdc412752f920b76c71d29f43bf5872c499eeebf816fc7a41,1771670604.0084903,checkpoint_23351.json,2026-02-21 05:43:24
23353,23000,b3dd40e998ffe649f8dede901958f397618e8d0532115161018dc4ccdbd6dea1,1771670674.9897802,checkpoint_23353.json,2026-02-21 05:44:34
23355,23000,fcfe804b47849f8bc81a1abda5772af26597b9e3310a177ddb02d9ec5b75d792,1771670752.7195032,checkpoint_23355.json,2026-02-21 05:45:52
23357,23000,da05a1a7f2acc211dbdab4d5d544cf408641f43c6bcd954181e73939c1986df2,1771670834.6719308,checkpoint_23357.json,2026-02-21 05:47:14
23359,23000,dae97e6d2d858438b34c07555ceb4d31c08faec7bb5e9341615a588bf5b66cd5,1771670907.9917285,checkpoint_23359.json,2026-02-21 05:48:27
23361,23000,3b758813e291f6a92b3d4b1c587fcf495b0a5b4033b2e3f595f4cfcca09dcbce,1771670973.654942,checkpoint_23361.json,2026-02-21 05:49:33
23363,23000,77b9b11a79d9e782b54f6ef5e2b72feca5c5cd4f7bc179550a4e2f66627970bb,1771671039.8861904,checkpoint_23363.json,2026-02-21 05:50:39
23365,23000,d5abe26c2c36aebe812ad35bd3dc1545f1de030f0a9d692dfca7397d133cd845,1771671110.8608792,checkpoint_23365.json,2026-02-21 05:51:50
23367,23000,0b8cf4e9ae28d1bcc76b45ed5d71a60eae1bed109c8cb4764c741ed0c629fb33,1771671194.2142549,checkpoint_23367.json,2026-02-21 05:53:14
23369,23000,443114b29bafadf1da9aa24e4f449c50e94267a890def0a6269cbcdd76f4fa8b,1771671267.2121904,checkpoint_23369.json,2026-02-21 05:54:27
23371,23000,dc9ff04a563a24b0b1145ab1e3e369207a349a67ab193f936ae9391b27cbaf1d,1771671337.2878587,checkpoint_23371.json,2026-02-21 05:55:37
23373,23000,5e1550b7493896041a61be492fab2ca60ca1d09a6823ffbcb0d0010bc9596dc5,1771671410.060676,checkpoint_23373.json,2026-02-21 05:56:50
23375,23000,d84424d5bcfe37cfce8ecfd221f1260244d66e6c9b555287c3701ae46a7e8109,1771671497.2823045,checkpoint_23375.json,2026-02-21 05:58:17
23377,23000,f7ea9d9ba6ff056ce19867b49d42d520b110bb2526a3f59c06c314cd7356e4f9,1771671586.250842,checkpoint_23377.json,2026-02-21 05:59:46
23379,23000,f9e34f8f0524db689f183b65a443b9719988210c3bea435403246a7a513445fb,1771671679.8669,checkpoint_23379.json,2026-02-21 06:01:19
23381,23000,65c86f0fb9cec7f943b3fbfecfa07996be1fb46b1ff3fd51b4509e35d1b7724f,1771671749.8790088,checkpoint_23381.json,2026-02-21 06:02:29
23383,23000,e5279968bdecc57ba27a2687f65f358389905798e24c3565eb73a443334b23ec,1771671824.1539476,checkpoint_23383.json,2026-02-21 06:03:44
23385,23000,d7367e245682796b53ae6b0d571274f187228628dbef8922fad28c3146c1ad73,1771671887.3419433,checkpoint_23385.json,2026-02-21 06:04:47
23387,23000,f03723aa36a9b388a3e00666f16c6bdfea45daaf805d51dd196b8d0423d813a0,1771671949.957937,checkpoint_23387.json,2026-02-21 06:05:49
23389,23000,97cdc12525cc1d66200a0835883d36a16006694303b2af1a6d8d62a99bef7c8e,1771672016.5140502,checkpoint_23389.json,2026-02-21 06:06:56
23391,23000,87efc9081e3cc132ed715b5bcd7646e67a9965b5c571149e9b2f72eb436f3b0b,1771672082.1415977,checkpoint_23391.json,2026-02-21 06:08:02
23393,23000,a81c68bcfb94a0619caffe3c0cdeb367f4b9137e0f3af99f3952ef919fd0c5e0,1771672157.123259,checkpoint_23393.json,2026-02-21 06:09:17
23395,23000,0de47b5276384ab89f286798aee9ef15b1565f36bf67e03dbeac99d9c8157f81,1771672229.828867,checkpoint_23395.json,2026-02-21 06:10:29
23397,23000,efd8dfecfbb654b999f4254c126a43d0201f49693a46c4076442e44761d882b2,1771672294.2471876,checkpoint_23397.json,2026-02-21 06:11:34
23399,23000,217e48c6d684ff557cbc2acce6ba9f816808eb4edf3f1e366933e2152c2688b8,1771672368.5560207,checkpoint_23399.json,2026-02-21 06:12:48
23401,23000,b91ffccd56fb6d3f8c3b2681bd2bd57c3e4d6d8dda803e6104b6aac4548f9175,1771672444.9650927,checkpoint_23401.json,2026-02-21 06:14:04
23403,23000,efda02bf0742dca8f06da42d0d6e0010248c5cdde3004ead53363e227b667614,1771672516.503697,checkpoint_23403.json,2026-02-21 06:15:16
23405,23000,16f49d776b52c2143b7673b46805819123040eeef961a916235d4ff231f82b27,1771672583.169444,checkpoint_23405.json,2026-02-21 06:16:23
23407,23000,1ee43b3e05829617c1dd4d4c3690d3c1d17bf2a6dbed20103d1250485c4f72a5,1771672652.514472,checkpoint_23407.json,2026-02-21 06:17:32
23409,23000,f4a16bdbd9d0d8878734ae7c8429004633a8264297e3d9d7c4976bf659bae424,1771672717.153642,checkpoint_23409.json,2026-02-21 06:18:37
23411,23000,7acf7aaabb6a2f601d0e101a830c56405e1da3df5410f73aeae3ac364e251694,1771672801.929486,checkpoint_23411.json,2026-02-21 06:20:01
23413,23000,289add5c932e646df8850b527041c963654ab07ef0c9fe3d06a5958481cb602a,1771672896.50628,checkpoint_23413.json,2026-02-21 06:21:36
23415,23000,a1e3c0f4363a0b8664109a680dce86df590635b98d0b76cb14cd5239ca5aea3b,1771672968.245097,checkpoint_23415.json,2026-02-21 06:22:48
23417,23000,4ed1ae036f0659f58e730c0fb8e82729c98b794022ffb7f1ad792466ee9cbeed,1771673041.3461995,checkpoint_23417.json,2026-02-21 06:24:01
23419,23000,1851665a9d5103cff005476d67807bd30931f1f326f57a735b2c24113eac186c,1771673134.1077962,checkpoint_23419.json,2026-02-21 06:25:34
23421,23000,f76cfa08f950c3fd527dbcb2425c4eeeb726ebe2d35e68222d9e0fa0f5b3b5d9,1771673248.0966783,checkpoint_23421.json,2026-02-21 06:27:28
23423,23000,51cb9c9f836f475d83fe4b9d935000d7c021acdbc69c1c0c1f2ce9023d578b53,1771673331.4279654,checkpoint_23423.json,2026-02-21 06:28:51
23425,23000,c2d1fff6d926f21f7673c5bb8813fdb63bbfddb4de4c4fcd91c45304746b6378,1771673421.7210686,checkpoint_23425.json,2026-02-21 06:30:21
23427,23000,ab757edab489dc268a089e968cab51fd6a04be44aa8a65e7f96519773f6bc6f4,1771673489.9323714,checkpoint_23427.json,2026-02-21 06:31:29
23429,23000,02658a254c028066320d303135e4405ee21225baa230b9be03ebb1765c6bcb26,1771673575.1934657,checkpoint_23429.json,2026-02-21 06:32:55
23431,23000,7143fad2fa09a587a73ece5d4dde90206764955feef7efd7e199116be63e171a,1771673655.898564,checkpoint_23431.json,2026-02-21 06:34:15
23433,23000,edaf6ed6048bf240fa25c684e326b59ba97d3c5f5d3705618df81f8e68a2dae2,1771673726.6958718,checkpoint_23433.json,2026-02-21 06:35:26
23435,23000,e77e87f5ce2b2aedf1cc61776b666729558826506d040fe2cd319d700f11976c,1771673791.7142477,checkpoint_23435.json,2026-02-21 06:36:31
23437,23000,41d7c44071ad4634e15e36a7c23e0250c87f2b7c352d2e299987793371414554,1771673868.6891758,checkpoint_23437.json,2026-02-21 06:37:48
23439,23000,1789e4f6ec8bdef0c182b40246005bad0e31fcbeda10064e24069518cc06a948,1771673948.0640705,checkpoint_23439.json,2026-02-21 06:39:08
23441,23000,d966414f72eb360cf673b4fcb35a939494883f1ff2ba9ac34844042e7b79901c,1771674015.1244998,checkpoint_23441.json,2026-02-21 06:40:15
23443,23000,d615d58612209e51cd37917ac544a3867bec0c61caa06f7e667de014d2de814a,1771674081.075504,checkpoint_23443.json,2026-02-21 06:41:21
23445,23000,b4d3ed1af6648ebe21b1189ca0a5fa13074114ef329946e53c234d1c9a4ad9fe,1771674140.7290254,checkpoint_23445.json,2026-02-21 06:42:20
23447,23000,caec0f643f1ae98ea878dd8bffcc870b9fdb37e3cb251e970e1140f00b621ee2,1771674195.7301817,checkpoint_23447.json,2026-02-21 06:43:15
23449,23000,7ece976228b8edad470bb978ea36e60bf09e790e222eda0ba257b3679fbc5a15,1771674254.7323232,checkpoint_23449.json,2026-02-21 06:44:14
23451,23000,11c47856f678a81e5390ba06223f7b532044a1a50dd7de6faa2b26eab9670378,1771674312.798554,checkpoint_23451.json,2026-02-21 06:45:12
23453,23000,4f905d23e82f5e6b917b5872b7b207e292fdc03bcd0958fb4eba3d8b887ba4e7,1771674379.424622,checkpoint_23453.json,2026-02-21 06:46:19
23455,23000,3989538011c0cfdc6aaa973573ad61ad99ca032c98ee2b8596b012cbe4a8c2a2,1771674447.3467104,checkpoint_23455.json,2026-02-21 06:47:27
23457,23000,0d048a5fc84390c5efdb4fb19c9e1487e9ebcaa36985a9c25757f92d1c58e4d9,1771674503.271504,checkpoint_23457.json,2026-02-21 06:48:23
23459,23000,e24d8f065914683b58355e4307c996ceca25248b75500025e1884241e8dd6d51,1771674562.343764,checkpoint_23459.json,2026-02-21 06:49:22
23461,23000,716bcae04d1be6e49162d383ff4c4a75d2da0e381db1c45f434d0d4081c27eef,1771674624.3787916,checkpoint_23461.json,2026-02-21 06:50:24
23463,23000,7a05e66509729be9d03934c5ab7b5bf3f063cea337cc1af5967379cfd3163bf1,1771674701.856807,checkpoint_23463.json,2026-02-21 06:51:41
23465,23000,cbbfb55da5738dd8c8f75df7ccdc03724d16e6f69f74de2b8212ec774c14f73a,1771674773.1847389,checkpoint_23465.json,2026-02-21 06:52:53
23467,23000,d6cf07d99b70f4d2a2927f827e799230264a3bcd799478ce1afa6eab6a338d18,1771674848.4533632,checkpoint_23467.json,2026-02-21 06:54:08
23469,23000,a69a6c2fb43d57fc882ee54d5c9a9644261a2e6cc5b28001957e20f7f37ba3e1,1771674936.8737612,checkpoint_23469.json,2026-02-21 06:55:36
23471,23000,57cc31c5b26c24acb84ee6790e40cadcfa1dc1cebd3187c992a87fcd5561c8fb,1771675049.971382,checkpoint_23471.json,2026-02-21 06:57:29
23473,23000,ecf357ea4a1f452e56bff995ae8fd2adf0cb0b58d82d46b4ca96831fe4eaad9a,1771675165.3794446,checkpoint_23473.json,2026-02-21 06:59:25
23475,23000,a8658e1e706756afdbf56f9fc53ee21a3241a35b71254fd879456d4667214088,1771675259.7104113,checkpoint_23475.json,2026-02-21 07:00:59
23477,23000,14eb0e8eb6466cd43f2266e666b3e18c8732e3a9d6e40b3be30c70c45e46462f,1771675358.0879552,checkpoint_23477.json,2026-02-21 07:02:38
23479,23000,8f1b70ba243ba1b9ec32d175f08febcf0f73163b6a3f42d86c1243b94bd862e6,1771675452.7872787,checkpoint_23479.json,2026-02-21 07:04:12
23481,23000,f5921558eb4880768bb29f2b07a6ff4396f455a3170aa1406056fbb5435934c6,1771675544.9727178,checkpoint_23481.json,2026-02-21 07:05:44
23483,23000,89c75d9d2b960d56e0e924ef5c88d7d501cbc77ab4de440635a31a0d3f75897e,1771675644.5658834,checkpoint_23483.json,2026-02-21 07:07:24
23485,23000,548b0110199e2d824154c39276e16ff7b0f333070f6012c4d88b55a92b46c672,1771675740.5554545,checkpoint_23485.json,2026-02-21 07:09:00
23487,23000,03b50f3b0d2db4550d4e3c674739eea21d1166ea3702cbf1b40ec07dd8fb89f5,1771675834.5702875,checkpoint_23487.json,2026-02-21 07:10:34
23489,23000,b1eefc8cbc4c7eb26d6b2b5b3951dc3baae4b25da0575914f1ca7757a693cb2b,1771675929.2109945,checkpoint_23489.json,2026-02-21 07:12:09
23491,23000,a33c69d825ffe3f70f26a3ba015a6ef12e424de833ad28f3b486e04a07484eee,1771676034.5638201,checkpoint_23491.json,2026-02-21 07:13:54
23493,23000,2142ef733534e3d9172ec06359a8055d90b8551b4e2aea2801cd507f83cdbbe0,1771676161.1035728,checkpoint_23493.json,2026-02-21 07:16:01
23495,23000,eaaa9ffafb59f305ccde3b677703dc24e19228c37dbbc30e12eb28634b6c84c1,1771676282.9142709,checkpoint_23495.json,2026-02-21 07:18:02
23497,23000,8e4b34d511b4a7146ffc6b3be1f7cd151bc5aad082d47f6e86fb50fe02465e79,1771676389.510311,checkpoint_23497.json,2026-02-21 07:19:49
23499,23000,e01670ed61ff821c9c7d805112d7cb815b72a53a0aaff861b5101175c8a3e34e,1771676498.656603,checkpoint_23499.json,2026-02-21 07:21:38
23501,23000,866523ea3ec601a06737ac61f35f791f9513883c3bb6568a7e5547e0f5e0055a,1771676608.5119274,checkpoint_23501.json,2026-02-21 07:23:28
23503,23000,aa2fd1f63e7c02553b745f92f0b83ff71bea8856e02537dda6932ed823ec3377,1771676702.0088232,checkpoint_23503.json,2026-02-21 07:25:02
23505,23000,062c9c6065e45e0d263a81b9c8377b6e6362d79f9bdce901ab6658c475dc11d8,1771676793.5603287,checkpoint_23505.json,2026-02-21 07:26:33
23507,23000,ee575668fc33723a67f7b3fb7364ab834a5e654664038117c7f685f356697bbb,1771676875.727544,checkpoint_23507.json,2026-02-21 07:27:55
23509,23000,d373f5fc970fce2bc652a9bd767ee86a93b667a63664b67db3cba3e15aabb908,1771676973.9103487,checkpoint_23509.json,2026-02-21 07:29:33
23511,23000,9bb0823348d125cc61be3127d6774160847bf9744039e7f97d9503857846f7bf,1771677045.5471218,checkpoint_23511.json,2026-02-21 07:30:45
23513,23000,ee2fee2131910715d24724dabc5136a0d1a8323fdef822f510f897460862fe04,1771677114.941607,checkpoint_23513.json,2026-02-21 07:31:54
23515,23000,28f3752108ef0af9ea47485164525ae535100753b11ae7bb78e0e87ccb14f9bd,1771677184.51086,checkpoint_23515.json,2026-02-21 07:33:04
23517,23000,668a0a168b5ed42117fe661e7236c56635a2e67a735bedda1cae85548dbb228d,1771677272.6886342,checkpoint_23517.json,2026-02-21 07:34:32
23519,23000,c497b6439122c1975e55b543f2a88115003f6c8b47554cd8a5a079c03082988c,1771677352.1107957,checkpoint_23519.json,2026-02-21 07:35:52
23521,23000,96c9413d38ee53a8df075fec8f5a2b92a94a9eb076e7fabf65ea8bff836458f1,1771677435.3819067,checkpoint_23521.json,2026-02-21 07:37:15
23523,23000,149f8a9bbe40408b5eea6ac8f4a1ef9ffc52d9d6b1a04048170c0cfa4eae3ce1,1771677516.276205,checkpoint_23523.json,2026-02-21 07:38:36
23525,23000,86eb3fe78098cc2b884f783d7198d51899c594e852bbeb8fd345af68ae013209,1771677597.292571,checkpoint_23525.json,2026-02-21 07:39:57
23527,23000,0ee030a58b531c0e9dce49193cbe689ef3b32d92efca7c36272687f78f92e430,1771677674.9770577,checkpoint_23527.json,2026-02-21 07:41:14
23529,23000,ad217f4faa9c819fe0288d63cb4778889414c9d030503a2e104a8d812f583a15,1771677760.3341546,checkpoint_23529.json,2026-02-21 07:42:40
23531,23000,157bec58eab574e2acc37fb684ee0628cc8b3ba2c9eda7028d662dc6037d3352,1771677840.1667316,checkpoint_23531.json,2026-02-21 07:44:00
23533,23000,6a3431c3d2fd99df22253848bfcf1f41c86d4a0ad44731bd9ce57de806cf7923,1771677920.5678794,checkpoint_23533.json,2026-02-21 07:45:20
23535,23000,fa5981662deb8dfeba7f78f2e2e0fc8ef669c4996cc52e45180b88b1de741004,1771677995.255744,checkpoint_23535.json,2026-02-21 07:46:35
23537,23000,018deb6168dd7bdac36780babef4a4c3f175a3bc25f0603940186c65d9c95072,1771678067.6214044,checkpoint_23537.json,2026-02-21 07:47:47
23539,23000,c5b9839ccc957ad492d14527092eb0f4b2bd4aceec943fd41071606fe20ee8f3,1771678138.1295068,checkpoint_23539.json,2026-02-21 07:48:58
23541,23000,a6e548d7e3d1175aa14a0857c52ba49405423c90205acd4b0691a1cd0b66085d,1771678214.226775,checkpoint_23541.json,2026-02-21 07:50:14
23543,23000,5560abd0da6e74b6e8f0215567ba01654ce0a3947d2aa903da69f269204b455a,1771678284.663063,checkpoint_23543.json,2026-02-21 07:51:24
23545,23000,28d7d6e82d874b6e9348439781b1de0d4a629e677836a58974c1e070081ca3f0,1771678354.3985658,checkpoint_23545.json,2026-02-21 07:52:34
23547,23000,7347d7155e1dd2d1cb8b878587334ed61462d466fdf225d288fc255093b9209d,1771678422.9783232,checkpoint_23547.json,2026-02-21 07:53:42
23549,23000,a10603405130efbe54eb3ad8c78842fa7f74a842e5b148df0537e2a2dc333b59,1771678504.7013204,checkpoint_23549.json,2026-02-21 07:55:04
23551,23000,0974d44a92bd997303838ed2509145d7c541927bb8ffafa6ad4ac42a52586691,1771678587.8710856,checkpoint_23551.json,2026-02-21 07:56:27
23553,23000,a68c0bbc5e106e7b93720afb74b2adaa0ae0673c9f2029f0c293bc89ea39c76d,1771678692.140147,checkpoint_23553.json,2026-02-21 07:58:12
23555,23000,b7ec6200410838b8bc2835a90b838cd8576288ce9fadddec0a700393992a2233,1771678765.0674224,checkpoint_23555.json,2026-02-21 07:59:25
23557,23000,851628e0af215477ef307c734b75c707eccc1fc76691c0e5ee43d1b2c9aa24bc,1771678842.3022244,checkpoint_23557.json,2026-02-21 08:00:42
23559,23000,655d406a256a244fc94e912d75c1418b5ef176657e6f7986f96c362df90d2533,1771678914.2591136,checkpoint_23559.json,2026-02-21 08:01:54
23561,23000,8f11ac5db53f87605b018d7d3c43a23db073c531e00d7c2b24fff8cc05e724b0,1771678986.87503,checkpoint_23561.json,2026-02-21 08:03:06
23563,23000,4a3a9cbc432864a32090045548c9201986b25c1bb9858aee0b4d16b9bb48febc,1771679057.4882307,checkpoint_23563.json,2026-02-21 08:04:17
23565,23000,76922f1dd511be7a9b9b8b995488afa41981dce5884603e392584ab5f91edba3,1771679139.0981393,checkpoint_23565.json,2026-02-21 08:05:39
23567,23000,dddc356b12c4d6dd4ac59389192ff8cdf47e03bf0d8b95b8ff2e51d6e4d9c7e9,1771679210.1791563,checkpoint_23567.json,2026-02-21 08:06:50
23569,23000,61f50518480ee7556a2521acda443135b2ad45c892bcd3eaca281604a0451e28,1771679281.5294533,checkpoint_23569.json,2026-02-21 08:08:01
23571,23000,e79a8da18c93e248d95d38dbb14791b40b6f954d5a5e87a3f7a0630bcf31c9c7,1771679353.4987006,checkpoint_23571.json,2026-02-21 08:09:13
23573,23000,e9cf12f79c801fc76ba70065a04bc86086f5c50c3ebc94a0d9f9b32599e4fab6,1771679433.4036114,checkpoint_23573.json,2026-02-21 08:10:33
23575,23000,e21e83f6f40125c160493dd05412bb16c97ef0e72cedc120bdf08483cad0a50b,1771679507.0431185,checkpoint_23575.json,2026-02-21 08:11:47
23577,23000,2cd84c6b829f64ab7d2dece0040578b4b13c27c6eb66d595f92d0844fa45bed5,1771679582.9448745,checkpoint_23577.json,2026-02-21 08:13:02
23579,23000,ef6a89fcec1070ddfda577da18cd891faf617ddd39665ce90665e09925d6c5dd,1771679655.245976,checkpoint_23579.json,2026-02-21 08:14:15
23581,23000,a7d726f41c6d84f0565e3945551c54e52dc17f83ee499936e301df6ae9a3d2f1,1771679729.1542468,checkpoint_23581.json,2026-02-21 08:15:29
23583,23000,c6781566302f35db945eaac6cec385e0d1bdab5f2bb6739ab0ac81288300e435,1771679815.7194593,checkpoint_23583.json,2026-02-21 08:16:55
23585,23000,3d1bd2c41cebde2f894896b76be9866e568e44eb5433b702cacbb084bd367054,1771679899.641375,checkpoint_23585.json,2026-02-21 08:18:19
23587,23000,7cef039df94efed0618e9f9b36f11ff195c2bf9420b14ce0644cbec6ce2e6176,1771679981.830768,checkpoint_23587.json,2026-02-21 08:19:41
23589,23000,ca44abf2fe755b61c22eedc45b84e0177f311c9fca477822c03412e531fc336a,1771680093.53628,checkpoint_23589.json,2026-02-21 08:21:33
23591,23000,8579468b7545108bbf01d22b65d4d51c7c8643c16510565f06813d09bf0c05b6,1771680203.9935098,checkpoint_23591.json,2026-02-21 08:23:23
23593,23000,0b81b4ab6d4ffe993d02571ed31c90c701d802f2ffebd214a5c345c9b8cd9a2e,1771680287.7694283,checkpoint_23593.json,2026-02-21 08:24:47
23595,23000,620b91a48f74b4d27c1d8c13e905feb39a8244a6826c506a9a2b88b8c24c6525,1771680370.9139092,checkpoint_23595.json,2026-02-21 08:26:10
23597,23000,26746739212eec59118353c0c0e94cc9a177cf68029cb5199cdd52309228bb4d,1771680468.6569846,checkpoint_23597.json,2026-02-21 08:27:48
23599,23000,268a610a24ce2dfbceafff8e1b83e749753d0ef89d59a3de9d5831de92d019f5,1771680555.2034419,checkpoint_23599.json,2026-02-21 08:29:15
23601,23000,1b4997d1b45005faba92b1a94ca73dd6ed0f465bd49ebd5555d773950926b382,1771680636.2857378,checkpoint_23601.json,2026-02-21 08:30:36
23603,23000,d919922c4515a26b5bf0b53ab27d65f265bbd201353a65d48272702999c68094,1771680721.1262405,checkpoint_23603.json,2026-02-21 08:32:01
23605,23000,6396c6cf47e5f5e335ae8d847849ecebf83456c5b2c1f8f9cd10f332a7b285f8,1771680815.144221,checkpoint_23605.json,2026-02-21 08:33:35
23607,23000,dfca11a4b0bec487d832ee5d99c08fdf6d0ea13de5da7b883fc3e6394db10039,1771680896.9367206,checkpoint_23607.json,2026-02-21 08:34:56
23609,23000,d0f3dc38d32b2d98f3b461c3ff01333222206b7aba553e158ea29c96a7f5ef47,1771680991.981904,checkpoint_23609.json,2026-02-21 08:36:31
23611,23000,785b4e58e1658f442bcf789ca6f5128d31863507fa1bbf46b8d02e68cef97796,1771681086.058726,checkpoint_23611.json,2026-02-21 08:38:06
23613,23000,f9ee5603141875256809dc7640719939b680a0fa6609b35ea86e7b4d242b9ff1,1771681167.8649676,checkpoint_23613.json,2026-02-21 08:39:27
23615,23000,c764cf735f946d3757d4db108a1aa894e2cf737fa180e69113f98e97e90cc7ba,1771681243.4685402,checkpoint_23615.json,2026-02-21 08:40:43
23617,23000,272575f59c282599804a8ced96b039cda631b2be2e0ce08f2662d734d5b5a65f,1771681316.5016546,checkpoint_23617.json,2026-02-21 08:41:56
23619,23000,503f62bbecc107624536ae4e62826d7d850387d21682bc202eaa8f40641aac62,1771681399.2837162,checkpoint_23619.json,2026-02-21 08:43:19
23621,23000,72b005975695552638b36fa591160a17685f6cc920180d8832476ebaa64bf6fd,1771681481.842965,checkpoint_23621.json,2026-02-21 08:44:41
23623,23000,733760aa4aac3034067ae373224eef55fdd6188cf929e87309f4fe6a2ccd4995,1771681566.9698076,checkpoint_23623.json,2026-02-21 08:46:06
23625,23000,742b865674a9642789438f156e2b12e5c087b20c5a60fe8f1ae351d15400070d,1771681655.3871179,checkpoint_23625.json,2026-02-21 08:47:35
23627,23000,71bcb1fcfaab30712f8784278a3e421174b24512bedfd503c6362621198b624b,1771681758.05617,checkpoint_23627.json,2026-02-21 08:49:18
23629,23000,bdcccfe1155f31a941cca78da8aaa1f9e872d2e0a7c40d3633599966d75fadab,1771681835.971708,checkpoint_23629.json,2026-02-21 08:50:35
23631,23000,53717b963ba040f6251cba2b148bdf85883c17fbc3f2dfb420b9ac91b6294b79,1771681916.5023026,checkpoint_23631.json,2026-02-21 08:51:56
23633,23000,979347910739e84cafc321fd879810495fd5f2ac0b6a04b7b23fc7bbfa9e5def,1771682015.5212224,checkpoint_23633.json,2026-02-21 08:53:35
23635,23000,e7d00f4c925a253e784d54cabff95e6e7720794de0110e1dad0ccaebf7b28ac1,1771682093.7792034,checkpoint_23635.json,2026-02-21 08:54:53
23637,23000,4b9370bba11d5eb071a525e7c30eb2b1b10dbf0cc385b56c3ad50b8d0aa91b4b,1771682167.5322347,checkpoint_23637.json,2026-02-21 08:56:07
23639,23000,ef87ca0464cdf5383d44ef820ddaa6f6b278bb843a4f9d09329013297cc536b1,1771682240.5081518,checkpoint_23639.json,2026-02-21 08:57:20
23641,23000,679e449f0d2fce5d540794cba631fe098c6af7edce086179ad1278228cff37e7,1771682312.8741348,checkpoint_23641.json,2026-02-21 08:58:32
23643,23000,d07ee11df4c421b715310f14b3d618f43479333750cc387c6966225194ba35a3,1771682379.2773445,checkpoint_23643.json,2026-02-21 08:59:39
23645,23000,e47b90cedc1dd22f0f4f13de2280ecddbddd97af41e3a1353d718a56aedc6a88,1771682443.2743616,checkpoint_23645.json,2026-02-21 09:00:43
23647,23000,e8e1aec659581e579b6f20394dc97af1302268171bbff4cea73cae139784f3c9,1771682500.4787745,checkpoint_23647.json,2026-02-21 09:01:40
23649,23000,13f564f5ef1f0eed48a0aa73629a3e0960209b40521942e62b3f074594238b3d,1771682553.69993,checkpoint_23649.json,2026-02-21 09:02:33
23651,23000,a002e08cdfdfbc75d8b600284c5c7f6c0a35392b9ccd3f5614c93dda56c342f7,1771682611.322565,checkpoint_23651.json,2026-02-21 09:03:31
23653,23000,3597564041020437cfd1161e2844f5239a1ac73557d0baeb09875b34a1c431c0,1771682674.2940586,checkpoint_23653.json,2026-02-21 09:04:34
23655,23000,33c0b63728fd63175c6181b3e2e76753462d31def8bb0b4294a67613ecc49e15,1771682737.8047965,checkpoint_23655.json,2026-02-21 09:05:37
23657,23000,a79243a5d90d4977bbc3a215141152bc4fb34fd93030795ec4378c515f1fe28e,1771682797.9109592,checkpoint_23657.json,2026-02-21 09:06:37
23659,23000,1df02c8c1dc578ee8709400ded9dda6310c24bf68a0ff64546cd7366f024712d,1771682857.5178254,checkpoint_23659.json,2026-02-21 09:07:37
23661,23000,365bac3b9c5e6afdbcbdba395f3df729020f527ad39110a87d2799f2f62e0dc4,1771682914.8165371,checkpoint_23661.json,2026-02-21 09:08:34
23663,23000,cfd6245fd94ec10a87a148f6fd7a922802894459fdb069de9b5b44b27fe2dc7a,1771682982.5955377,checkpoint_23663.json,2026-02-21 09:09:42
23665,23000,244f0f7afc6a08b982bab8fe43556a7c8603be25ba946156296130b7cbb39219,1771683042.6032152,checkpoint_23665.json,2026-02-21 09:10:42
23667,23000,fc6ad03ba463d6cc6f74713432c304c9d08d9ac9bee327f69b5b76cd0885e3b1,1771683104.935837,checkpoint_23667.json,2026-02-21 09:11:44
23669,23000,ad9e6790d23876a943f5e5c99fe88dc14c448c2600604869a44912d63f92c43f,1771683163.5164845,checkpoint_23669.json,2026-02-21 09:12:43
23671,23000,1eca90fc86c0bcce6c6ad173900eefe78cdb80d249dbd7bd8fb354e1a1d976fb,1771683224.9576526,checkpoint_23671.json,2026-02-21 09:13:44
23673,23000,399903e7a4ebd26d9b4d07ea22e53c7c5ef1a8bf2fd47c4ca1ef78ef30b6d899,1771683281.8483875,checkpoint_23673.json,2026-02-21 09:14:41
23675,23000,808bf84666066028ca30595b85049ef996084e3d780c4d32f9f2bbed062c9f74,1771683340.8985667,checkpoint_23675.json,2026-02-21 09:15:40
23677,23000,5448aa0b6311e926406b68d79cb3c94317f7017f01d1d7bba3e35cea783fab6e,1771683401.2239935,checkpoint_23677.json,2026-02-21 09:16:41
23679,23000,c2314040a781b8604dd50b3572eb181bcd360bcdb56b3c4d27a57506b3f4231f,1771683458.9078853,checkpoint_23679.json,2026-02-21 09:17:38
23681,23000,97786f4d95a1630dda0b335b6c73c23fba37c9004b220035d023104d89c763f1,1771683521.9872525,checkpoint_23681.json,2026-02-21 09:18:41
23683,23000,a5e90d215a1a19d21de21fdc6d1f48251d8108ebeb5b424e443f00bfabc04d04,1771683591.7213035,checkpoint_23683.json,2026-02-21 09:19:51
23685,23000,a258b4b112bb6eab0dab4032eb98e7513474ab06d8d6524239f73b7485d4c630,1771683657.0626752,checkpoint_23685.json,2026-02-21 09:20:57
23687,23000,f39a35d28432d71ec62ed89602c009a327f4be48ddc5c9dd946b314bf6fc7210,1771683709.8186092,checkpoint_23687.json,2026-02-21 09:21:49
23689,23000,ff92c0d0c985d01e1c50e861dd487b531bfa6f6ff67d2f58de2e839d8f4140b8,1771683771.9647486,checkpoint_23689.json,2026-02-21 09:22:51
23691,23000,d2aa3ecac16ff33b664d8e2a17b76147b95d9113797a5ff585b3fafa0b518255,1771683858.2194932,checkpoint_23691.json,2026-02-21 09:24:18
23693,23000,df659ae5c77d5905aeea98d77ecdf512b19a3e77cdc06bacd4fd2d116d7eed24,1771683932.5393152,checkpoint_23693.json,2026-02-21 09:25:32
23695,23000,46421e61d72340a1a9e8630e90cf82eeb860a0517f1ed49da4f2f84da062288d,1771684004.3645635,checkpoint_23695.json,2026-02-21 09:26:44
23697,23000,b14f17ed1bf8546fa33b6380ea89534026ac90bb0ba52d92d75d53ff7176de63,1771684065.1643395,checkpoint_23697.json,2026-02-21 09:27:45
23699,23000,342fce2414ba3d58ff22915c3a48cde81132632e1b3db5122fe8522fba4cc822,1771684120.7390752,checkpoint_23699.json,2026-02-21 09:28:40
23701,23000,46f777ccf36b1e112708f929b33feccbb95c1934087475f28c8f64fa9f78ec91,1771684179.9765437,checkpoint_23701.json,2026-02-21 09:29:39
23703,23000,a827315dd62f0501ec019410c3b2012b8b844d32987a609f9dc283820df74426,1771684241.8442802,checkpoint_23703.json,2026-02-21 09:30:41
23705,23000,827f6bdc2b0e370dacf46edf46cfdb39cebc34abb317533c134c9f9a2c4d240b,1771684295.884984,checkpoint_23705.json,2026-02-21 09:31:35
23707,23000,2dbe274ea853e8d08d1b59d545bb7fcbe1a34e49eed37645f8d9c231b19f2298,1771684360.3133452,checkpoint_23707.json,2026-02-21 09:32:40
23709,23000,a99bfcfbd6b4581ef78fd4d2514130d763fc35f76833f36e80ace590b111e041,1771684414.5622923,checkpoint_23709.json,2026-02-21 09:33:34
23711,23000,e3535a3bbf5297360f93b59e51c147c99a55204a03011e7d7b93674567a0bf7e,1771684469.8907948,checkpoint_23711.json,2026-02-21 09:34:29
23713,23000,752f7996c389edcb7a9099a9a3be870bad2e8390515cd034561c3533019423e0,1771684533.656765,checkpoint_23713.json,2026-02-21 09:35:33
23715,23000,16023be10ff4140009d7f8402431cd87c29ecdec55eb9bfce79eb97d4c7935d1,1771684600.588766,checkpoint_23715.json,2026-02-21 09:36:40
23717,13000,e3b60b529da89d5e4e92a03bb295c43c8609e128548b65bd58ea402e58b37394,1771684643.1248913,checkpoint_23717.json,2026-02-21 09:37:23
1261,1000,0d81c2b7a724f09f2623b8ed323c454d573026dd21b9f8de908df97d05ed71ed,1771715564.9501042,checkpoint_1261.json,2026-02-21 18:12:44
1263,1000,1a474929cb9d0e547f1ff206044912d95821084395499ada51a17582805e035c,1771715564.9702988,checkpoint_1263.json,2026-02-21 18:12:44
1259,1000,677f6a4631078e9affdf4194e1d0093c21baf3d13854ccc17c20647818b6c37f,1771715564.927433,checkpoint_1259.json,2026-02-21 18:12:44
1265,1000,a2fcb3624929e8d259ac067b4de74771fcfca6d7c5692a2d1d2157de2218702e,1771715564.9932616,checkpoint_1265.json,2026-02-21 18:12:44
1283,1000,f3e01a61981433781466160ca6f015cdd418b8510096278715a6399a2f0d668a,1771715565.1715288,checkpoint_1283.json,2026-02-21 18:12:45
1269,1000,a6bd4e609cd8fab3c5e364cf567ecc4fb5df46a378ac6739c44a0a6a281f148d,1771715565.0382614,checkpoint_1269.json,2026-02-21 18:12:45
1267,1000,55d569388ab69e11db3c3d3c5419aef7520bd2b1ba710185e6eb6c3e4640ff1c,1771715565.0175931,checkpoint_1267.json,2026-02-21 18:12:45
2193,2000,ed5c762cd553a62ed997c3833c16d3517c2b0cd359e49f369f6735a1906713fb,1771715565.966606,checkpoint_2193.json,2026-02-21 18:12:45
2189,2000,f3bd96172013e98463f375dadfbcd9d434293a47455edd9758d4d0bc127a8eaf,1771715565.770895,checkpoint_2189.json,2026-02-21 18:12:45
2187,2000,342890ef2664e04848903d05f1b1f23587faea793ea1f32b0b463f4d8d0fb2fb,1771715565.6592226,checkpoint_2187.json,2026-02-21 18:12:45
2185,2000,b16497523b7041425e3a16caeef6573c93344e037bdc3613b6de4fe4fce0f325,1771715565.5548806,checkpoint_2185.json,2026-02-21 18:12:45
2183,2000,935cbfb04e3c6cbb3889864aa3215a7632e4d0fd7f9be2d82fa433c4aca0f345,1771715565.4732585,checkpoint_2183.json,2026-02-21 18:12:45
1299,1000,f3dec3e7faa66872f94861a3bf86d5f904e816867a372f24076bd22568f4d028,1771715565.3649776,checkpoint_1299.json,2026-02-21 18:12:45
1297,1000,4c936d4468fac60d41314515be0c04f4e24bce52f8e9a68574e845abf611529c,1771715565.343588,checkpoint_1297.json,2026-02-21 18:12:45
1295,1000,f92806fc5c22147a8c2001f2f1a72d700f3efcf2848629a00b9c4cb85c286c8f,1771715565.319386,checkpoint_1295.json,2026-02-21 18:12:45
2191,2000,2dd7ce5ecb4aad8bb7e6295ac60e9b6d863ad32b5ba1996fbb6d923607e3b3f2,1771715565.8784158,checkpoint_2191.json,2026-02-21 18:12:45
1291,1000,f3015764217b9e06574ed2059fbb1f5b3d5afa8dac5a221091639356d9fcb978,1771715565.2717555,checkpoint_1291.json,2026-02-21 18:12:45
1289,1000,ad03c84b82c0f3ee27b161b483df3c82564b900dca03f1399c4ce61facdc5ab9,1771715565.2474267,checkpoint_1289.json,2026-02-21 18:12:45
1287,1000,a54756b8674699bf5215ca6c86b366ae703e72bf58b51f4a4ab2156046fc6ff9,1771715565.2235248,checkpoint_1287.json,2026-02-21 18:12:45
1271,1000,96b1da96e06988406ec6a171380d18fa238fbc85470561cc8ef6b60e7483211f,1771715565.0627327,checkpoint_1271.json,2026-02-21 18:12:45
1293,1000,903fde7cd59fd47ae6784745bba05dba8263cc7dab3667f9c0a8df2f3f605996,1771715565.2966735,checkpoint_1293.json,2026-02-21 18:12:45
1273,1000,a4a74fd6a9ad7b60067d41231f13abe248bfc1041bf3082a00d8906de6fbb0cc,1771715565.083242,checkpoint_1273.json,2026-02-21 18:12:45
1275,1000,1dfb9312b6118376f7dcbcf7e523806ace74cfb7ac2bfffd6dc072a89d16ae8a,1771715565.1048734,checkpoint_1275.json,2026-02-21 18:12:45
1277,1000,a2d09591a23a2038aa35c493176d1387731f1697c61393f5e886eb7a2c58d6b3,1771715565.1283202,checkpoint_1277.json,2026-02-21 18:12:45
1281,1000,2540d152922789efa79304c18e47e0517efc0d117e1e7c9ebf28008ce2514dfb,1771715565.149985,checkpoint_1281.json,2026-02-21 18:12:45
1285,1000,c3f8e9c1eb996d02a7405a2bf15ac9d1e10fff43edfeed4df397b2b3c5e5ab01,1771715565.2001798,checkpoint_1285.json,2026-02-21 18:12:45
2209,2000,0ba456a8bb2720cbc4928eb8541e3a3b7521b804aca6bafab57f9ae489adc6e9,1771715566.9125044,checkpoint_2209.json,2026-02-21 18:12:46
2207,2000,821b8f03f2a4dd3588d9a81187489a15c66c1de782a5097f7dbc63ed28665410,1771715566.794306,checkpoint_2207.json,2026-02-21 18:12:46
2201,2000,52f5ef516456408398a60d07b6b5006abe1d460b6e427ca985ed994235816eb9,1771715566.5312798,checkpoint_2201.json,2026-02-21 18:12:46
2199,2000,0492e7cef25733a68827be56e8164399ab9e528e0fc38ca658366454fef65c02,1771715566.3764703,checkpoint_2199.json,2026-02-21 18:12:46
2197,2000,8f1c8e6fe70ce47518ec06012683b90389cb97e4c4105380bb8ea3e894a5ef19,1771715566.1883028,checkpoint_2197.json,2026-02-21 18:12:46
2195,2000,60c2f7b8ccabc6b00f09796f84fbeb5d2d05b8a14a14c38290d658f2494a7e89,1771715566.051303,checkpoint_2195.json,2026-02-21 18:12:46
2205,2000,6d9a3dad596170d9b772f27306daf3ea5daf02a191bae7a628b06b05c46e93be,1771715566.6642542,checkpoint_2205.json,2026-02-21 18:12:46
2223,2000,17d4f63cb13c1a6098c0132fad9ff3b3c226a84768799acbe7425bc979aab75e,1771715567.6810577,checkpoint_2223.json,2026-02-21 18:12:47
2221,2000,8b70f0f9e03dc3ed5daddedacd0ac1bf346fde2409c7271f4bc1ac9e43b7bba5,1771715567.5924864,checkpoint_2221.json,2026-02-21 18:12:47
2219,2000,58f8f0da1a4905be78873f0fd152d8d04b40405b4ddf7cd3b90d6faacae131aa,1771715567.4716609,checkpoint_2219.json,2026-02-21 18:12:47
2215,2000,fcb11c33798168cac56859fdb110b622491b1dcefe1ff728c34239f5be8abbbf,1771715567.1832864,checkpoint_2215.json,2026-02-21 18:12:47
2213,2000,8704aee1e7b931ffeb2e9575614915d38358d5a738e26137ef70671d6a4ba907,1771715567.0959766,checkpoint_2213.json,2026-02-21 18:12:47
2211,2000,7b0e49982086c5503ba55a0259aa633b5f061a798067200379a4244f9bfe6d1e,1771715567.0075357,checkpoint_2211.json,2026-02-21 18:12:47
2261,2000,a20974f0b183327c7e83c1199d982c3647a0a47df615a3dceb1908892c2b8f7b,1771715567.7762885,checkpoint_2261.json,2026-02-21 18:12:47
2217,2000,3624727239ae10b5a0ad0d1f8be7099cb05b8721a9930bed5f4bd247290e1d2d,1771715567.301944,checkpoint_2217.json,2026-02-21 18:12:47
2263,2000,5515c342bdaba22a0459e47fb90407439f4d41d68d4f8ab03d69949a2428b233,1771715567.865687,checkpoint_2263.json,2026-02-21 18:12:47
2265,2000,52ff7a9a382f60248ef2574fc941c1eb9eafdcb2446ff0ca785b32d60de01b4c,1771715567.9719079,checkpoint_2265.json,2026-02-21 18:12:47
2267,2000,56afb78a09950d0b9ee7c10da025b6266b993106d55fa69d9502a58c55e69658,1771715568.0621598,checkpoint_2267.json,2026-02-21 18:12:48
2271,2000,ccbc0a4b5856d565b722d3ef88a476892b0f63a2cb949e12da8c9216c6b7fac4,1771715568.2566383,checkpoint_2271.json,2026-02-21 18:12:48
2273,2000,e0eb9b823178852cccc3227766a13ebc4ae360193f02eb1d05ad43e293f67d7e,1771715568.380211,checkpoint_2273.json,2026-02-21 18:12:48
2275,2000,8c7d260a58e4bbfb15cf43cf415bf0f0113a1fc9106630a372628507b88d4205,1771715568.4788413,checkpoint_2275.json,2026-02-21 18:12:48
2277,2000,02bddfea5b3bffed43e5e671474150649336913a02abe36d9a91414d5da50386,1771715568.5703814,checkpoint_2277.json,2026-02-21 18:12:48
2279,2000,1c7cd99a41d1ad81b2a6f50024fb9782760859db5175e2a62bc939976db226c6,1771715568.666987,checkpoint_2279.json,2026-02-21 18:12:48
2283,2000,a65080fe41629dd8d19da70e0c9f15a48f112ab5e12ffe8d35c495c6d084148c,1771715568.7913215,checkpoint_2283.json,2026-02-21 18:12:48
2285,2000,f4ecaa26b9e0ca7ce4abc8072150e4d7887d4582c35b2ea803f6ddf2fd51c9be,1771715568.9112833,checkpoint_2285.json,2026-02-21 18:12:48
2269,2000,d9fb3161805e3e7c142d80b6837053dd79e1823d59be26bbad2ed6248d35d567,1771715568.1533668,checkpoint_2269.json,2026-02-21 18:12:48
2295,2000,8085145a3149b33fc2897c7e4e61eed2dc82547b407aeac665e6884145c9b592,1771715569.6148996,checkpoint_2295.json,2026-02-21 18:12:49
2293,2000,6fe6170cae2e512dddcc7486882a781f84bfd8c64c0b67b198c6f4b86d4cbe8c,1771715569.4422991,checkpoint_2293.json,2026-02-21 18:12:49
2287,2000,b123219ba9079a35ad39c99906b6cbd84436837cff344646fa8d889382110e3f,1771715569.0123796,checkpoint_2287.json,2026-02-21 18:12:49
2289,2000,36bfaec1f1c0270aece726fb55834203e51de484ef9ec0363c728668d5f6b258,1771715569.1078107,checkpoint_2289.json,2026-02-21 18:12:49
2299,2000,cbdcbfb7c387816eb8268ac6cefb5897aa2771a26eaeae5d91d3df3ed04515d2,1771715569.9353974,checkpoint_2299.json,2026-02-21 18:12:49
2291,2000,9de43ca5e5577a7a3ea9d5427fe8ef8afdccd48b645c5ebdcb90bdacd1f66706,1771715569.2512972,checkpoint_2291.json,2026-02-21 18:12:49
2297,2000,bc50037b6f3065f478e85000f196cb9891a58e1534cf9b737033062470c56a48,1771715569.777031,checkpoint_2297.json,2026-02-21 18:12:49
2301,2000,246803c167edeccf99b3301702974f09afef762bd7add31222470265d89fac81,1771715570.0845697,checkpoint_2301.json,2026-02-21 18:12:50
3197,3000,2ad52f7146bd67aa7f8ee559bbc8dced884bea2114e0437e1f7c842e535777ab,1771715570.3598607,checkpoint_3197.json,2026-02-21 18:12:50
3199,3000,2fb21e7891f5b5ba703faa23b6512769c36792f4d9f2d08f1226768db34d10df,1771715570.6202264,checkpoint_3199.json,2026-02-21 18:12:50
3201,3000,c85fade5984ff86464e8ac0f873428f612d3ced155fe92fd646ead489f050960,1771715570.8634725,checkpoint_3201.json,2026-02-21 18:12:50
3203,3000,fd5b5d71fdab2bd00058c39d6678ebaf80b0a80250d8c49d96ca71d4f3cbd46d,1771715571.1144826,checkpoint_3203.json,2026-02-21 18:12:51
3205,3000,3c0e2ca3a0dbe2322e371d768e2cab34f998ef9f602944621eb7e1f9cf410943,1771715571.367784,checkpoint_3205.json,2026-02-21 18:12:51
3207,3000,3113c0afdac619959600879682606b17a568bc5539c7c8ef45724deaccd2cdf3,1771715571.7037647,checkpoint_3207.json,2026-02-21 18:12:51
3209,3000,6dcab1fc6be7640c05a1455034ab257ccffec917f8ebed005db6e9a9cdf7fbae,1771715571.9677665,checkpoint_3209.json,2026-02-21 18:12:51
3213,3000,41da16d64eee99c7df65982633c14d609084b584b4cc87add26b429d384717eb,1771715572.6975546,checkpoint_3213.json,2026-02-21 18:12:52
3211,3000,fb74abeea4df1be22c1f843fd077f9f9c28b1be84332cc44a8bc9edaaec03f6e,1771715572.2573922,checkpoint_3211.json,2026-02-21 18:12:52
3223,3000,b13a86fcd8f61695b1aae46975737cef31e8b944d39035fabf466a6f773bcb44,1771715573.9022925,checkpoint_3223.json,2026-02-21 18:12:53
3221,3000,a2fc65b795f2ec44435853384b186f1a70fc69be3b2f0f20fed369c69a39b876,1771715573.6088724,checkpoint_3221.json,2026-02-21 18:12:53
3219,3000,5d362cc2f1e12764d0d45fd9acd5bdf912186baf106d00be3c516868e95b03e8,1771715573.349137,checkpoint_3219.json,2026-02-21 18:12:53
3215,3000,6494dbe3a15384defb94630c41584fc8f5f9d2f90ea8bd2a139bf2b22998b947,1771715573.0885007,checkpoint_3215.json,2026-02-21 18:12:53
3225,3000,16e2788cd290d260fab34b6867feaa4d5eaeeccceb7531be99004a86a9c9d5f0,1771715574.1582808,checkpoint_3225.json,2026-02-21 18:12:54
3227,3000,c8c370b2032a206b958b7cc912314ce4514e507e3ede2b7cd6fb3b0e8758d58d,1771715574.4957042,checkpoint_3227.json,2026-02-21 18:12:54
3229,3000,b3becf7cba2e7faa8956b99ff3cd61704b03c2c48603bb31722afecee5566c84,1771715574.7732315,checkpoint_3229.json,2026-02-21 18:12:54
3231,3000,4b87f87f4e9627d37fa37aa94b85989e7649f95d02547b40b90ad0ea0c54fd45,1771715575.035244,checkpoint_3231.json,2026-02-21 18:12:55
3235,3000,f0d5a4a9a39e3a761d7df67e732865f3cea38d4422dc23218e971c307478d68d,1771715575.584865,checkpoint_3235.json,2026-02-21 18:12:55
3237,3000,d2d1186bb4cb4881c177cd18e6367ea12cb2d9c7e0a22c1039b43f73eec3ee5e,1771715575.854302,checkpoint_3237.json,2026-02-21 18:12:55
3233,3000,de78ac8c308317d22f35fd622a34ae43be3d20f892dca10947719ed55ec234e0,1771715575.316816,checkpoint_3233.json,2026-02-21 18:12:55
4235,4000,c34f0c241b5900d504dcaf73f779e196a8c7fa90d92accaa767d2da151db1952,1771715576.9606187,checkpoint_4235.json,2026-02-21 18:12:56
4233,4000,030ba87597929bb29c3f8a57ba9e4b464a7dbf3e839a837522667d676fe65e15,1771715576.4179487,checkpoint_4233.json,2026-02-21 18:12:56
4237,4000,c44a71fad3f07d9dd59b530bea80aacc1958851e744c4a0460cfc87662762c52,1771715577.4918294,checkpoint_4237.json,2026-02-21 18:12:57
4239,4000,1d0340b9183aa14993afd6f28473ad92affeb05cbe84968dd87d2a52ff86b407,1771715578.022831,checkpoint_4239.json,2026-02-21 18:12:58
4241,4000,e429d94965ebff9d5fcca98013110ff8806ca6ee8d2fe4dc29d1366b9df2b46c,1771715578.5564115,checkpoint_4241.json,2026-02-21 18:12:58
4245,4000,4357e851382d9759c89cd5a3e64b915e4841c98b02d29f2683baf8437f40e28d,1771715579.6480906,checkpoint_4245.json,2026-02-21 18:12:59
4243,4000,2bb5a89929423810a3ddf4e43772564f895fe4a3efa359fc69fdd8e9b924612b,1771715579.0987628,checkpoint_4243.json,2026-02-21 18:12:59
4247,4000,68315d636fbcdea7a9926bd02f63843fab2b8073360cd6c1b6d03c4ed763122d,1771715580.1792018,checkpoint_4247.json,2026-02-21 18:13:00
4249,4000,8443c50ae44f4b6dd76ea89be2d1410f6c197eadf091c843f8db64f68f1690c7,1771715580.8051844,checkpoint_4249.json,2026-02-21 18:13:00
4251,4000,f12402543318708cca8288c755691577b009a7e84403f13a0ac21e142625c394,1771715581.3406646,checkpoint_4251.json,2026-02-21 18:13:01
4255,4000,1cf436735e22218dcd7e0cfe39e4e1b5621fcd28bb95fa03c3caee8d44204797,1771715581.8738053,checkpoint_4255.json,2026-02-21 18:13:01
4257,4000,c75055b4624ac57fd1443ad4624ee73dfe951a858f81ed43fa314fa0a3e4bb75,1771715582.4195855,checkpoint_4257.json,2026-02-21 18:13:02
4259,4000,2e532ac7d1cf811288c5e9b365c3c7e70cb8870047630e98cd8970d31de65207,1771715582.949324,checkpoint_4259.json,2026-02-21 18:13:02
4261,4000,89b164b82eeb08d6f66a9136113ab931a3f6addda0976fac9fd0797e34725111,1771715583.5005755,checkpoint_4261.json,2026-02-21 18:13:03
4263,4000,43e4f04ee13e72c913b8047a99e8ed8627431eaee33b6dcbcf35f927fcf7ca7a,1771715584.03706,checkpoint_4263.json,2026-02-21 18:13:04
4265,4000,6a02348c80822704b81bb62cea54c074873910798f1245b849791a0aef311721,1771715584.5831053,checkpoint_4265.json,2026-02-21 18:13:04
4267,4000,00f2e03906ef5ea6e670605fcb0301827fed4a8725ffbeb3edc7e6dab33eb52e,1771715585.1267834,checkpoint_4267.json,2026-02-21 18:13:05
4269,4000,4dfde5f38764c562ca14f3da476b82ad97965536e7d41d1097d5d31cddbbb4de,1771715585.670951,checkpoint_4269.json,2026-02-21 18:13:05
4271,4000,ace5f52d4a402f759be1865b14de856064c40431ba056cf7006e7af215d6c9a7,1771715586.31698,checkpoint_4271.json,2026-02-21 18:13:06
4273,4000,84d006e78b9728f95494afbb170352c76b1e4ce6378c883b7d0a5f4657a6dec5,1771715586.8749824,checkpoint_4273.json,2026-02-21 18:13:06
4403,4000,c35432268889b215d6fe3a9a7ffba28bc5fd4cdf655eeb65f93dace23b90c491,1771721778.791607,checkpoint_4403.json,2026-02-21 19:56:18
4405,4000,7e81b2a27e4102cd85c1af26e5bee4d7f56ef61ec61db2cef3de14a625f25675,1771721779.3551674,checkpoint_4405.json,2026-02-21 19:56:19
4407,4000,80504606a221325ee41e90a3c8d98ddbefe0b1c2b7c9cd3b7819972514fd8a02,1771721779.922751,checkpoint_4407.json,2026-02-21 19:56:19
4409,4000,99ad441e8e9d767e999f749f652b509e75d44aff4476057c728af735e339b6bb,1771721780.5111358,checkpoint_4409.json,2026-02-21 19:56:20
4413,4000,d89de02f77f14dba0697684b04dee1f60c8e6dddd99288575f74bf3ce068cccd,1771721781.8627145,checkpoint_4413.json,2026-02-21 19:56:21
4411,4000,2db43ee955d3c679ab82490838d4430e7eee28858be362d89b01689e516226e4,1771721781.13142,checkpoint_4411.json,2026-02-21 19:56:21
4415,4000,00593dd302dcd46109c0d98be8941f5c7dd63fcf39eac137cfca18019c96762e,1771721782.5979433,checkpoint_4415.json,2026-02-21 19:56:22
4419,4000,b3c194442465620ba54410a9e954b15e0d5dd00b07283b75df3da35b537bb459,1771721783.782076,checkpoint_4419.json,2026-02-21 19:56:23
4417,4000,b92f704b0af933f8a7a3a39d8ceab1b52b92be75025a1aff3ce876908a12b59c,1771721783.186409,checkpoint_4417.json,2026-02-21 19:56:23
4425,4000,3b68f73dff2219411af0a906bb9d364110b1e6c6cd26b4245bb256256b76bbc5,1771721784.9713864,checkpoint_4425.json,2026-02-21 19:56:24
4421,4000,9a5b3a64fbd89924caa776742ca5bb32db22cf22672ef566a34987b1fdd612f9,1771721784.3838873,checkpoint_4421.json,2026-02-21 19:56:24
4427,4000,29b92a420e69f13c9ab2c2c9a5349d06977c1440aafcfa03e3df462261df74ad,1771721785.57911,checkpoint_4427.json,2026-02-21 19:56:25
4431,4000,f35fe9ab7eb1e3d09fb1a3ac2078b158c79c922a4913582518a8b2f288e2440d,1771721786.870766,checkpoint_4431.json,2026-02-21 19:56:26
4429,4000,eab4d5d92027b98d373f10316627f166cb03d65c7763176fe0cf958c3312d3a3,1771721786.1902652,checkpoint_4429.json,2026-02-21 19:56:26
4433,4000,e4b6e06902e2c7c7db6dd77d7f6fc593b2d7a16ecbfd26c2da9037ea3cfb1dad,1771721787.463187,checkpoint_4433.json,2026-02-21 19:56:27
4435,4000,7f3a4daa2a88fe2e3b499a9555360384f25abc880cd60df6478dd8fe95bb393d,1771721788.058878,checkpoint_4435.json,2026-02-21 19:56:28
4437,4000,d73b6985f003be0de130930ad517bbff56c9504e84b9ed9d44c9427bf0326c45,1771721788.7753522,checkpoint_4437.json,2026-02-21 19:56:28
4439,4000,a9f74573145ff60f9919957e091016f6e573e7a6f54da5b849807ece56f21a11,1771721789.3928444,checkpoint_4439.json,2026-02-21 19:56:29
4441,4000,5d37d4b184724e4670528369dc8f8d3ffcc9d9d120b2ef31718cae767eacaae6,1771721789.9812834,checkpoint_4441.json,2026-02-21 19:56:29
4443,4000,69867c0221a407c0003b319f164ae4c4d0e4e5a78df379f95e41846542b615e7,1771721790.5859523,checkpoint_4443.json,2026-02-21 19:56:30
9669,9000,dd692537d5797f57ebc3f11a313c2bc3985d8d39d762c6b0acd83a1a9f0743fa,1771721796.924597,checkpoint_9669.json,2026-02-21 19:56:36
9671,9000,2ad091370da3c0121307f0c88d13880ffb8f82f4fb756d00b222356dcd06d4da,1771721804.247501,checkpoint_9671.json,2026-02-21 19:56:44
9673,9000,68b880dfc76c499b4adb43c8b996c71b7ef9b698448801c9f27ec604d3f9775c,1771721814.4776955,checkpoint_9673.json,2026-02-21 19:56:54
9675,9000,8c9a667cbfd65280047b77a0db7c6e19b8966435f8bdda992727c7363d01d1fc,1771721822.5582042,checkpoint_9675.json,2026-02-21 19:57:02
9677,9000,f5de524f87664dc4d1eb5b14d5709c055e79f0f1dae584a88d8041db71c86493,1771721830.265089,checkpoint_9677.json,2026-02-21 19:57:10
9679,9000,6ae3e41020425a9bfe52e5af81dd678a89ee57f067ebee79cacca0ae05f99a40,1771721837.95706,checkpoint_9679.json,2026-02-21 19:57:17
9681,9000,fa6aea51d6fe71251b19189ccd7f3a9014f88f8678adf8fdf9d6402245b4a800,1771721846.982848,checkpoint_9681.json,2026-02-21 19:57:26
9683,9000,3b17383e429578e03e0b87458ef334345ca96cfb59e050051b9c067c06913a73,1771721855.158549,checkpoint_9683.json,2026-02-21 19:57:35
9685,9000,ba0df1db8caa4dc1d482fe6c10e605e895607570232bb850ae183818a07c354d,1771721860.885222,checkpoint_9685.json,2026-02-21 19:57:40
9687,9000,881ab92a0e50ed4c064befe1322879a2f495acb0c17705eea94a5ac1dc546c14,1771721868.1348686,checkpoint_9687.json,2026-02-21 19:57:48
9691,9000,baaa649b108edeaaafdae0aa18d4f8efab739a5d6bafabf8e9f499472ad2fdc2,1771721879.0226107,checkpoint_9691.json,2026-02-21 19:57:59
9693,9000,5609761491f9220d1bffd1d18cad13807ab2d034e0cf044e93e2b097360c573c,1771721888.387895,checkpoint_9693.json,2026-02-21 19:58:08
9695,9000,bba3eeca064a1a5a98f2fe6b6b2c63405e26110d8889404388d1c9841ad88547,1771721897.8218346,checkpoint_9695.json,2026-02-21 19:58:17
9697,9000,7a6a986d24fa44ffcfb60bcac7fe9d1f615fb1d87c77b3c0a2c8332a6fc14fd9,1771721907.6073956,checkpoint_9697.json,2026-02-21 19:58:27
9699,9000,f482d7af0c271830a8aa043f6d356d5e14744605c92cfcdfa8aafe90096b68be,1771721918.3282657,checkpoint_9699.json,2026-02-21 19:58:38
9701,9000,e29472916f302de7893f27ca9b76639b9952b77c878cffad7019e985b6e9f7ed,1771721926.8944507,checkpoint_9701.json,2026-02-21 19:58:46
9703,9000,7a1b8014204c925c0aae3be5f947264e4fb188df239c0df475a5e7bcbf4caf78,1771721937.3053608,checkpoint_9703.json,2026-02-21 19:58:57
9705,9000,1702c0192515d61a2133b516c7bdae1bff016d71479e9a22c9f9fc2980978800,1771721945.8703434,checkpoint_9705.json,2026-02-21 19:59:05
9707,9000,aaf6b385454d2d82c01287f9d0823f466a34beaecf5aff817670f8b20c9f56ce,1771721955.8191671,checkpoint_9707.json,2026-02-21 19:59:15
9709,9000,2dc2615cd4ea1be5e7b532f2e64ee980934b46fbd657b55cfd39e10e6847eb52,1771721964.3171082,checkpoint_9709.json,2026-02-21 19:59:24
9921,9000,067545f6121b374c9d9571d6a467958b0611a2737ce763103fda3ffc441565c6,1771721973.5784361,checkpoint_9921.json,2026-02-21 19:59:33
9923,9000,0ab95fde01b5e7327569a83123a92d58e61892cdb7d9cd49adda587c222a6107,1771721983.8665688,checkpoint_9923.json,2026-02-21 19:59:43
9925,9000,f856c24cbdfb40c07091eae88c0427a50dde0efb11e076e7796d1094183ae5a3,1771721994.5456123,checkpoint_9925.json,2026-02-21 19:59:54
9927,9000,3bdd47ba8a5bc6fbec3dd63738a94e475136424ac0653ebdac2f6874f5ea8ddd,1771722003.691956,checkpoint_9927.json,2026-02-21 20:00:03
9929,9000,508a9c388da120287c157c79c10c4ce50f12fce07faec1af24021031e983f226,1771722013.2124774,checkpoint_9929.json,2026-02-21 20:00:13
9931,9000,6cf0fb4d1a89b19ab8ff179424e2d87103fe554149aff7f0ccc94a4bb39e8540,1771722023.5710568,checkpoint_9931.json,2026-02-21 20:00:23
9933,9000,cf2c748b90515b309a6895e80fc7a52e350b57a7b746a090bf200f116f8522da,1771722031.5305974,checkpoint_9933.json,2026-02-21 20:00:31
9935,9000,d13fced0fc689b04db82be3a171c7a6531d3e31c205c4cd8846d6ebae212186c,1771722039.9714518,checkpoint_9935.json,2026-02-21 20:00:39
9937,9000,e58d2989710ae44fcc093772a3a46ab75ac9dc0b2ca56855fcd167c764c474a8,1771722048.8042088,checkpoint_9937.json,2026-02-21 20:00:48
9939,9000,59ef2caffd1fe449245d886b27159951844915c9214d6d9481883a59c0fb1051,1771722056.9829545,checkpoint_9939.json,2026-02-21 20:00:56
9943,9000,49913f34866f50fb1789f1a80abd40c3372b03b1e47c5d416b82b6f3d52d70c2,1771722065.0600417,checkpoint_9943.json,2026-02-21 20:01:05
9945,9000,d52a199ca3a716ed78be396833b91130d39ad2b637ffbe471f3affd50c6a8b09,1771722072.9167922,checkpoint_9945.json,2026-02-21 20:01:12
9947,9000,160fb3a4068c92a692d5579e5dfd743d01cef7f84ed6eaf7be57dcbd805b2224,1771722081.846951,checkpoint_9947.json,2026-02-21 20:01:21
9949,9000,08710b01a39820e9b2911b4780fa6a18f8c4af4f3f0f16d3b4e9c96038005306,1771722091.0625844,checkpoint_9949.json,2026-02-21 20:01:31
9951,9000,82e0a95a6c78b833de0d17cdce0aa3a68f0a1e68e22944536a5d3bcbd6b37abd,1771722098.7681556,checkpoint_9951.json,2026-02-21 20:01:38
9953,9000,20e2635170ec36e254afe4a64d79ae740891cc640de5e0667261e0d5fb86cc90,1771722107.5092418,checkpoint_9953.json,2026-02-21 20:01:47
9955,9000,bc7b5e918263c6de64908552cbc57700607982d223e6cc9097fe56c92f9a44ff,1771722115.3074248,checkpoint_9955.json,2026-02-21 20:01:55
9957,9000,f49315cd2a9f3383132c07e6343e96166f8595706b97f57e0500c25bd96075e3,1771722123.908188,checkpoint_9957.json,2026-02-21 20:02:03
9959,9000,9e63508577dedd899f36de81c75651515f1c44b251bd021ea9f60bf7868a8961,1771722131.8235183,checkpoint_9959.json,2026-02-21 20:02:11
9961,9000,d7a2678ced3f17d752fde83acc068a97e420b730448245a8c2e2ec182d9dbcf8,1771722140.6534698,checkpoint_9961.json,2026-02-21 20:02:20
11193,11000,eedc722d39d7ea23a581517fcfc36ecbed886ead19d03ad8527b68b96a6f7c14,1771722152.6314442,checkpoint_11193.json,2026-02-21 20:02:32
11195,11000,6aa5e79d4d056c133dbb7f4612eaf4c6dfa1ed2caa11242d2945ef44ec44accd,1771722163.6346507,checkpoint_11195.json,2026-02-21 20:02:43
11197,11000,16c26ef5d457edf3e1b1506469fcc33d13fdbc82b3e6323f698317879f1c9dc2,1771722174.770858,checkpoint_11197.json,2026-02-21 20:02:54
11199,11000,d9f0d189bbe071badc3556f6d00f00ce0d84ca47059d93b61c032a1d2b3e5f4c,1771722185.8753843,checkpoint_11199.json,2026-02-21 20:03:05
11201,11000,7b884b24fa2af953d38655b135afc92e1ec0becaac69517bcced3fc8dedf9f3d,1771722197.0254838,checkpoint_11201.json,2026-02-21 20:03:17
11203,11000,a3a37e6cb81f26bd2bbf3347834283ff86e5aabaa850c3f3a1b21a6f797e3a71,1771722206.299735,checkpoint_11203.json,2026-02-21 20:03:26
11205,11000,b2614e11f7a306e6aeb810f7d07289b36259665b48719cb6e6b4c670229b4b19,1771722216.6723642,checkpoint_11205.json,2026-02-21 20:03:36
11207,11000,329db728474dca43b6a45b440b2c1adcd5fedcd79f22eedfc43b29cc8bc379fe,1771722224.913778,checkpoint_11207.json,2026-02-21 20:03:44
11209,11000,a8fa9b39c8c554dd0a3eb04d5d84239aeecdcd654522eb54a6025227b2e2fa59,1771722231.992139,checkpoint_11209.json,2026-02-21 20:03:51
11211,11000,2e5f6b868711186106c051dd33ad791be4ba9f289e6788dcd704e1ba5a04697f,1771722239.3704884,checkpoint_11211.json,2026-02-21 20:03:59
11215,11000,2a630d9c9ddcaafad236e458879844cb2a3e4286a644724e278d2eb116bbb4e2,1771722247.1226885,checkpoint_11215.json,2026-02-21 20:04:07
11217,11000,83f35ee07515bc1443f5f5853c29ff7a089724f6f050d43f5f26d03b6f808ed8,1771722254.3607955,checkpoint_11217.json,2026-02-21 20:04:14
11219,11000,470b8922a780e72c2f35baa5825779cc43000614cdf15bef7466e3fb25c91acf,1771722263.229366,checkpoint_11219.json,2026-02-21 20:04:23
11221,11000,16c071bb96bde433cd6c141a7dbf1edc839b2c47f826604c3a32f211a239137c,1771722271.4901493,checkpoint_11221.json,2026-02-21 20:04:31
11223,11000,6db7ccc39607f98ad5a5afb05109c003459602c879e2cbef98645ad03dccf0be,1771722279.1772008,checkpoint_11223.json,2026-02-21 20:04:39
11225,11000,f5ed809c4401a9eed9eb63acd2931f1d03edb62f402a09706fd25ec1baca654c,1771722286.3116083,checkpoint_11225.json,2026-02-21 20:04:46
11227,11000,9080cfc885b6aaff9d0dccc25c23bff660038f68dd797c6fd7b50038832b0fad,1771722293.5146523,checkpoint_11227.json,2026-02-21 20:04:53
11229,11000,639fbfc86abfb4887d34b53fbe0827f92864e3e76538013d8e3397b810e904ce,1771722300.9642422,checkpoint_11229.json,2026-02-21 20:05:00
11231,11000,7eaa59fb89fb8b619bb2d65ff23689ae57708e71fa612345ec08308251816bcd,1771722308.8528821,checkpoint_11231.json,2026-02-21 20:05:08
11233,11000,29a8f2d2766805c614817414a0244b83fb19101d1e8a1090a30bc656869911c6,1771722315.9215944,checkpoint_11233.json,2026-02-21 20:05:15
19917,19000,a4952773787538fa53339e89d94886c7ba841bd29e7e3128283d86efebed5955,1771722354.8761215,checkpoint_19917.json,2026-02-21 20:05:54
19919,19000,14b42fbcc07637fc44a841d812bab49286be949ca62fe69f6ba7fb26389433cc,1771722397.2578824,checkpoint_19919.json,2026-02-21 20:06:37
19921,19000,59285f1969995f063b084d30d593e97e725314d5d62bf1bd28c4b69d32f7183c,1771722440.1045387,checkpoint_19921.json,2026-02-21 20:07:20
19923,19000,5b29d6af2e2f6b41b76e8946914cc28eec228d35c76ed95f35e32bc13d1d9f7a,1771722490.7099714,checkpoint_19923.json,2026-02-21 20:08:10
19925,19000,66adff57300848e67e9248eccf5e07d015fbdd488c040dc39a46844011c2965e,1771722534.6262643,checkpoint_19925.json,2026-02-21 20:08:54
19927,19000,96ee97423ea8c0ac66bf8cb0af1e5a8dbfb67ca5875cfdc88769da07dfda7ec8,1771722576.6802063,checkpoint_19927.json,2026-02-21 20:09:36
19929,19000,a305b4ac8352fa52f2af7d955e9b5c89a32588433397c8df4a3488d1346d7b10,1771722618.4054418,checkpoint_19929.json,2026-02-21 20:10:18
19931,19000,cf716c0c9b88c2ec0c21350db5e4a1d602ed913fe5b01bda03b540fe08d0efa0,1771722655.6216855,checkpoint_19931.json,2026-02-21 20:10:55
19933,19000,798a0e32574c7b1f5baaeb2f82788b2d3b5b73c631d8ed30711407f39b29baa1,1771722693.6504035,checkpoint_19933.json,2026-02-21 20:11:33
19935,19000,fea2c8068e17bffa297018324da4ba17f7f7a119250caa87710180ce5192aad1,1771722731.3612468,checkpoint_19935.json,2026-02-21 20:12:11
19939,19000,bc2a1a254616f87c5b205ceae28e4945c1e77a102b00f561140d1d1fd429bc0a,1771722768.1210413,checkpoint_19939.json,2026-02-21 20:12:48
19941,19000,b894e544ed1e76168d869d121e12c844e21b70719ce60d96e556f0f47c4bc938,1771722805.1820219,checkpoint_19941.json,2026-02-21 20:13:25
19943,19000,bac6a59c1dcba78ce12dcfd310512a5794652c8b23e7745d8fbcb4ff98fbc9c1,1771722842.0891755,checkpoint_19943.json,2026-02-21 20:14:02
19945,19000,9451e7b6284606453fc5c834d4aeae953bbe3e946e054ab46f8d9a654bb1d7b2,1771722883.3474772,checkpoint_19945.json,2026-02-21 20:14:43
19947,19000,b1e7ae9a0976aeb8796c42f508d7634e7dbd872e2df4e60610bfd3b21a184c0d,1771722928.0926907,checkpoint_19947.json,2026-02-21 20:15:28
19949,19000,909fa0af13ed0ee37db1448b124ff30cb7f754426f14163f8fc9206148a7e6bb,1771722970.7931623,checkpoint_19949.json,2026-02-21 20:16:10
19951,19000,e4c736db2e4cc71dd1119f2482a250c5585f2e95f8cf836732c3cf97a0ac8229,1771723014.9752457,checkpoint_19951.json,2026-02-21 20:16:54
19953,19000,d7aabffdc297a33e5988e7cbce7cf9874fa515dd991727ace81e97773dad89b3,1771723059.6879795,checkpoint_19953.json,2026-02-21 20:17:39
19955,19000,0e5104c936f34d37e27527818df704a3016ee0d31e66543c9e5af970006e690e,1771723104.4794393,checkpoint_19955.json,2026-02-21 20:18:24
19957,19000,a1908c6bd04cf0df4024f406ebf27b4ee2d2aa0f336572871cf9d16a8133f2de,1771723185.2733114,checkpoint_19957.json,2026-02-21 20:19:45
21681,21000,d3ff19fa76091e5273898f53be2eb70894c3aea3988bdb46e933a9c9f7449464,1771723288.9453604,checkpoint_21681.json,2026-02-21 20:21:28
21683,21000,4efabd16895ce06734c4dc0f544a52ab345e9a85bf22eaeb2e2ccd95f72d938e,1771723387.5707068,checkpoint_21683.json,2026-02-21 20:23:07
21685,21000,26f1b21a37cfdd666783e578204cf6e2f05be12dddb1d06370ef37a34d361f70,1771723472.160107,checkpoint_21685.json,2026-02-21 20:24:32
21687,21000,127875adf7f5c0ae74707c747774dc5aeeaea099aa7e8c418c46fb2114847f30,1771723541.46672,checkpoint_21687.json,2026-02-21 20:25:41
21689,21000,569f43d89d34c120e660462b1d46dfc181002f877bb45d686be94e0a5c2914d4,1771723607.9951377,checkpoint_21689.json,2026-02-21 20:26:47
21691,21000,1e4efc5c40ad3f3202b1a3bbb50200a1b19c94c1966cbf0ea9c3cad8aa305d64,1771723677.4831476,checkpoint_21691.json,2026-02-21 20:27:57
21693,21000,73e64c1931b0b95b5aedf688351bd6742bbb5e291ec2600fd55ebaa7be522f33,1771723741.3027484,checkpoint_21693.json,2026-02-21 20:29:01
21695,21000,d62f0ddf92e0d90cb143734154f550d5b41d5761cb14ae50814a7f7fca98d2da,1771723802.5488381,checkpoint_21695.json,2026-02-21 20:30:02
21697,21000,f3aa11732246c1f3997a9ad16f528a017c62538b85f1b7178a51f63d1f84495d,1771723862.5879486,checkpoint_21697.json,2026-02-21 20:31:02
21699,21000,c094a563fb236f2a0770cc00b9be15ad43a620d7c763a8c67ae1bee6b12e6270,1771723924.6665802,checkpoint_21699.json,2026-02-21 20:32:04
21703,21000,9cd6ad5cbd55c5a4690483ad66325325b145b7f157e9cffc87096bc510368e33,1771723988.1213477,checkpoint_21703.json,2026-02-21 20:33:08
21705,21000,852dc5d71ed525be14529e2937fbbab61f985fdfa694e5a6654f4cf8f5c0ee4c,1771724079.2968957,checkpoint_21705.json,2026-02-21 20:34:39
21707,21000,686166656a7dcec77e49006e80c661cd9c908961a74b4ef34f24858ad1d1acfe,1771724159.8420827,checkpoint_21707.json,2026-02-21 20:35:59
21709,21000,076cc4a8c47d3eecb655206f126c113eb487e0a7c34b3bd3b2873d96de2d32dd,1771724233.132901,checkpoint_21709.json,2026-02-21 20:37:13
21711,21000,70ccde1c2d35dcae1c5f485fc7cab415f78966caabd85ef98c21c037bc4c045e,1771724303.477832,checkpoint_21711.json,2026-02-21 20:38:23
21713,21000,400e7be7b4a51522b4f39a63784c26765c204d34445d48fc1654e72e59ff076a,1771724370.7355425,checkpoint_21713.json,2026-02-21 20:39:30
21715,21000,005edad79dbfd01c05462fd529ace71d196fd49642f96e818480e898a735fd7e,1771724438.2983217,checkpoint_21715.json,2026-02-21 20:40:38
21717,21000,17314cee07461adb7948ab4ba937b3e10458a47e0c0d08930041b3388f752ad4,1771724504.9147127,checkpoint_21717.json,2026-02-21 20:41:44
21719,21000,72578565499466b39de8f2b4d595b585d7cc37b221af85124009b443f66168bb,1771724570.7961805,checkpoint_21719.json,2026-02-21 20:42:50
21721,21000,2a4a5fd7872a9ae32f69a2e985350dda8a98dde0057d965318d8d971dfd2513b,1771724636.322383,checkpoint_21721.json,2026-02-21 20:43:56
23189,23000,4c6a24c66ba867e5b42ec9de60236c9947984fb7c4ea05498ccfcb69119fa1d4,1771724707.0938504,checkpoint_23189.json,2026-02-21 20:45:07
23191,23000,114925ea3657c0478bbd1ed42d3ce5016da37978f9541317f6698968274ec552,1771724777.897411,checkpoint_23191.json,2026-02-21 20:46:17
23193,23000,5787761366e5401c2e562d7722136a0303bd6eae94050a8d50e8754cf44f59c6,1771724848.5390227,checkpoint_23193.json,2026-02-21 20:47:28
23195,23000,78e348eaabac72484be9406f351de74eea2b7f6b2f68bec33a53658ca73a0f24,1771724919.4306474,checkpoint_23195.json,2026-02-21 20:48:39
23197,23000,326a1eec82d0e7609e9e84446ba9d3ea978f3f83cad8b40d009102b7a733914c,1771724995.744731,checkpoint_23197.json,2026-02-21 20:49:55
23199,23000,0791028d18760131aab7bacbe7fcd5a61ca9a6db707154081a6b714f6ed2c907,1771725074.677568,checkpoint_23199.json,2026-02-21 20:51:14
23201,23000,67cba232f3b9e6700eadb182016eaa7ff9da4434092579ab971f389678429666,1771725152.2623775,checkpoint_23201.json,2026-02-21 20:52:32
23203,23000,dc1e750ee205646f99c655c3c164b24d7efb840492ffd02a3186a4517599419f,1771725231.1969104,checkpoint_23203.json,2026-02-21 20:53:51
23205,23000,70aa47b7a1a593569ac503fe7b30e84b10a692d610f0f17afa97e269a674e2d7,1771725314.6550703,checkpoint_23205.json,2026-02-21 20:55:14
23207,23000,49a7b58a8803eb3554171805bc64e892e6bb4c4d20270bd61a0fdfc4cbc3c2d9,1771725393.9511266,checkpoint_23207.json,2026-02-21 20:56:33
23211,23000,be66afb0e5ea6e32c89bae844998cc107c792b75760b0f12e091af8705e34539,1771725468.810173,checkpoint_23211.json,2026-02-21 20:57:48
23213,23000,5c294300449921d8218c0e4dbfe073f358e8a7668a61fe6e126f016a906907c5,1771725539.8144274,checkpoint_23213.json,2026-02-21 20:58:59
23215,23000,2d9c777783f475b4c269a8129ebe71376d5e0ccbe340d20ee4ba477927279b5f,1771725616.5906303,checkpoint_23215.json,2026-02-21 21:00:16
23217,23000,cffbfa2129e9e6108bf967a561a10f04e996fedc11f78c418c09fdfedbe7eb8f,1771725688.7283237,checkpoint_23217.json,2026-02-21 21:01:28
23219,23000,1ab8bb8ff020220f9a12171a7c881aa16ea1264f877bd9da757f64ad0b0a1659,1771725758.3881052,checkpoint_23219.json,2026-02-21 21:02:38
23221,23000,e4d131b5f2dbd8fb10306253de4da9985ee739c61828523b7606a206d68dc7fd,1771725838.8709724,checkpoint_23221.json,2026-02-21 21:03:58
23223,23000,87f35dae6cc5c874b6f63186e2513787d15f2c7854f860391c338f08044cb4dd,1771725926.1252632,checkpoint_23223.json,2026-02-21 21:05:26
23225,23000,414a6c17a7684b67d22bdfedb1254540f99ecf284c5641bf49d56940b1117cff,1771726008.0729067,checkpoint_23225.json,2026-02-21 21:06:48
23227,23000,44fffe509ee7835d3e8ea703f230239931e94ff4b5f85597209527255fac105c,1771726084.578801,checkpoint_23227.json,2026-02-21 21:08:04
23229,23000,1bf38220f11d4d87140c638bc4c5b30e95ca0bf87e726d2e1a98a8a841b63bf7,1771726149.2702606,checkpoint_23229.json,2026-02-21 21:09:09
